ent1,ent2,count
Cambridge,Oxford,74
Mulder,Scully,66
D.C.,Washington,58
UK,US,45
Europe,North America,45
Canada,the United States,45
Australia,New Zealand,42
Fox,the United States,41
England,France,38
Australia,England,37
M @-@,US,35
California,Los Angeles,32
NBC,the United States,31
the United Kingdom,the United States,30
Japan,North America,26
England,Wales,25
France,Paris,25
Britain,France,25
Gilbert,Sullivan,24
France,Germany,23
Parker,Stone,22
Japan,the United States,22
Homer,Marge,22
Bart,Homer,20
Bond,Fleming,19
Bart,Lisa,18
England,Scotland,18
Europe,the United States,18
NY,US,18
Jack,Liz,18
Canada,US,17
Dwight,Michael,16
England,London,16
India,Pakistan,16
Belgium,France,16
Australia,Europe,16
Asia,Europe,16
Australia,Sydney,15
Earth,Sun,15
NY,New York,15
France,Spain,15
MD,US,15
England,Henry,14
Malaysia,Singapore,14
Atlanta,Georgia,14
Seattle,Washington,14
Boston,Massachusetts,14
Dean,Sam,13
Chicago,Illinois,13
New York,the United States,13
Ireland,the United Kingdom,13
Florida,Miami,13
Edinburgh,Scotland,12
House,Senate,12
Germany,Italy,12
Lennon,McCartney,12
Dwight,Jim,12
Australia,South Africa,12
Finn,Rachel,12
M @-@,Michigan,12
Europe,US,12
Australia,Bradman,12
US,the United States,12
Earth,Moon,12
Pennsylvania,Philadelphia,11
Australia,New Guinea,11
Australia,New South Wales,11
London,New York,11
Edward,England,11
Australia,the United States,11
Norfolk,Virginia,11
Bradman,England,11
Afghanistan,Iraq,11
MD,MD,11
Australia,Japan,11
Germany,Hitler,11
Australia,the United Kingdom,11
Africa,Asia,10
@-@,Madonna,10
France,the United Kingdom,10
Athens,Greece,10
California,San Francisco,10
Europe,Germany,10
Bradman,Miller,10
China,Japan,10
U.S.,Washington,10
Congress,Washington,10
Oregon,Washington,10
the Supreme Court,the United States,10
Arsenal,Manchester United,10
New Jersey,New York,10
Michigan,US,10
Britain,Europe,10
England,South Africa,10
Japan,Korea,10
Henry,Stephen,10
France,the United States,9
Egypt,Syria,9
Scotland,Wales,9
Bart,Marge,9
China,India,9
Japan,Nintendo,9
Rachel,Ross,9
Massachusetts,New York,9
Argentina,Brazil,9
Batman,Batman,9
Germany,the United States,9
U.S.,the United States,9
Oregon,Portland,9
Germany,Poland,9
England,William,9
Ontario,Toronto,9
Detroit,Michigan,9
Croatia,Serbia,9
Australia,Queensland,9
Austria,Germany,9
England,John,9
Britain,the United States,9
England,Europe,9
Japan,Tokyo,9
California,the United States,9
Louisiana,New Orleans,9
Los Angeles,New York,9
Los Angeles,New York City,9
California,Hollywood,9
Melbourne,Sydney,9
Norway,Sweden,9
Portugal,Spain,9
Arsenal,Liverpool,9
Europe,France,9
Atlantic,Pacific,8
China,US,8
America,Britain,8
Europe,Japan,8
Bradman,Morris,8
New York,Paris,8
France,Russia,8
England,Miller,8
Homer,Lisa,8
John,Richard,8
Berlin,Hitler,8
India,US,8
England,Ireland,8
Maryland,Virginia,8
England,Somerset,8
Canada,the United Kingdom,8
Ireland,Scotland,8
Peter,Walter,8
Louisiana,Texas,8
Atlantic,the United States,8
Michigan,Ohio,8
France,Henry,8
Croatia,JNA,8
Spain,the United States,8
England,Norman,8
Richmond,Virginia,8
Iowa,US,8
North Carolina,Virginia,8
Henry,Richard,8
Melbourne,Victoria,8
Michigan,Wisconsin,8
New York,US,8
France,Italy,8
U.S.,UK,8
Montreal,Quebec,7
Mexico,Texas,7
New York,Pennsylvania,7
America,Europe,7
New Jersey,U.S.,7
Jim,Michael,7
Australia,Victoria,7
the Soviet Union,the United States,7
Army,Navy,7
Canada,U.S.,7
New South Wales,Victoria,7
Germany,Japan,7
Congress,the United States,7
UK,the United States,7
Lisa,Marge,7
Florida,the United States,7
Britain,London,7
Elizabeth,Mary,7
Boston,New York,7
Canada,Quebec,7
Queensland,Victoria,7
America,the United States,7
Brian,Peter,7
Australia,India,7
Earth,Mars,7
Manhattan,New York City,7
Germany,World War I,7
Canada,Ontario,7
California,U.S.,7
Elizabeth,England,6
Australia,Miller,6
Canada,Germany,6
Virginia,West Virginia,6
Allied,U.S.,6
Great Britain,the United States,6
Africa,the Middle East,6
Netherlands,Switzerland,6
US,co @-@,6
Australia,the Middle East,6
@-@,India,6
@-@,New York,6
Africa,Europe,6
Italy,Spain,6
England,Manchester,6
Arsenal,Chelsea,6
Germany,UK,6
Washington,the United States,6
@-@,the United States,6
Allied,Normandy,6
@-@,Liverpool,6
Cleveland,Ohio,6
Houston,Texas,6
Germany,Spain,6
Birmingham,London,6
@-@,England,6
Jesus,Mary,6
Mexico,United States,6
Asia,Japan,6
England,the United States,6
Britain,Germany,6
JNA,Serbia,6
Philippines,Vietnam,6
Bart,Simpsons,6
Indiana,Michigan,6
@-@,York,6
Poland,Russia,6
Canada,Vancouver,6
Arizona,Phoenix,6
Poland,the Soviet Union,6
U.S.,US,6
Bristol,England,6
Fox,Simpsons,6
@-@,Carey,6
@-@,Australia,6
Alabama,Florida,6
Love,Russia,6
Europe,World War II,6
Asia,North America,6
U.S.,United States,6
London,Wales,6
New York,New York City,5
California,US,5
France,Madagascar,5
Austria,Hungary,5
France,Switzerland,5
Edward,France,5
Australia,Melbourne,5
Cambridge,London,5
Raw,WWE,5
@-@,Gaga,5
Earth,NASA,5
New Zealand,South Africa,5
Batman,Gordon,5
Europe,the United Kingdom,5
Oklahoma,Texas,5
Johnson,Shakespeare,5
France,Netherlands,5
Australia,North America,5
Beyoncé,Beyoncé,5
Brazil,Portugal,5
Korea,UN,5
London,Paris,5
Nielsen,the United States,5
Africa,Atlantic,5
London,UK,5
Chris,Peter,5
@-@,Britain,5
United States,the Supreme Court,5
Allied,Germany,5
India,New Zealand,5
Fox,NBC,5
Normandy,William,5
Australia,Canada,5
Denmark,England,5
Carey,Carey,5
Dublin,Ireland,5
Henry,Normandy,5
England,Italy,5
Europe,South America,5
Arsenal,Newcastle,5
Mexico,U.S.,5
John,William,5
London,Manchester,5
London,Washington,5
@-@,US,5
Asia,China,5
@-@,U.S.,5
France,London,5
James,Mary,5
England,the United Kingdom,5
Nintendo,Sega,5
New South Wales,Queensland,5
Maryland,US,5
Italy,Japan,5
Batman,Bruce,5
Russia,the United States,5
FBI,Scully,5
Cambridge,Massachusetts,5
Britain,Ireland,5
Parliament,Singapore,5
Don,US,5
Bradman,Johnson,5
@-@,France,5
Congress,Johnson,5
England,Spain,5
Mexico,US,5
France,Scotland,5
Britain,India,5
Denmark,Sweden,5
Virginia,Washington,5
White,White,5
Japan,New Zealand,5
Europe,Poland,5
Canada,Russia,5
Carey,The New York Times,5
Japan,US,5
MLB,Yankees,5
Bush,Iraq,5
non @-@,the United States,5
Austria,France,5
London,Parliament,5
London,McCartney,5
New York,Philadelphia,5
Canada,North America,5
Harrison,Lennon,5
Australia,Pacific,5
Alabama,Tennessee,5
Mexico,the United States,5
US,the United Kingdom,5
Texas,the United States,4
Ohio,US,4
Harrison,Los Angeles,4
Canada,Montreal,4
Croatia,Yugoslavia,4
@-@,Williams,4
Broadway,London,4
Serbia,Yugoslavia,4
London,the United States,4
Massachusetts,New England,4
House,Wilson,4
China,Philippines,4
Hungary,Stephen,4
Congress,United States,4
U.S.,Vietnam,4
New York,San Francisco,4
France,Napoleon,4
Great Britain,Ireland,4
Edward,Scotland,4
Berlin,Germany,4
France,Great Britain,4
Britain,Rome,4
Canada,London,4
London,York,4
Kansas,Virginia Tech,4
United States,the United States,4
Allied,Italy,4
Army,Australia,4
Confederate,Richmond,4
England,New Zealand,4
Hawaii,the United States,4
Tennessee,Williams,4
Iowa,Michigan,4
Andy,Jim,4
Kansas,Oklahoma,4
Germany,Netherlands,4
World War II,the United States,4
Arsenal,Henry,4
China,Singapore,4
Europe,U.S.,4
Illinois,United States,4
Indiana,Ohio,4
Boston,New York City,4
Australia,US,4
Dylan,Harrison,4
Michigan,Robinson,4
Arizona,Utah,4
Israel,Syria,4
Birmingham,England,4
New Jersey,United States,4
Congress,the Supreme Court,4
Billboard,the United States,4
Alabama,Birmingham,4
@-@,Adams,4
China,Hong Kong,4
CBS,NBC,4
England,Germany,4
Finland,Russia,4
Gibraltar,Spain,4
Bristol,Somerset,4
Australia,Morris,4
Israel,the United States,4
Chelsea,Manchester United,4
Olympic,the United States,4
Charles,Scotland,4
Hungary,Serbia,4
Allied,Mediterranean,4
New York,U.S.,4
Gaga,New York,4
@-@,Europe,4
Europe,Netherlands,4
Massachusetts,the United States,4
Florida,west @-@,4
Kentucky,New York,4
Billboard,U.S.,4
America,Australia,4
MTV,Madonna,4
@-@,Ohio,4
Japan,Sega,4
Florida,Virginia Tech,4
Clark,Virginia,4
Harrison,Rolling Stone,4
Australia,Germany,4
New Jersey,Pennsylvania,4
Argentina,the United States,4
Indonesia,US,4
Belgium,Netherlands,4
Baltimore,Smith,4
Johnson,NBA,4
India,the United States,4
Carey,Europe,4
Scotland,UK,4
Britain,World War II,4
Wilson,Wilson,4
Henry,Robert,4
Harrison,McCartney,4
Germany,World War II,4
Billboard,Carey,4
London,Los Angeles,4
Allied,France,4
State,U.S.,4
Jackson,Madonna,4
Grant,Lincoln,4
Pennsylvania,the United States,4
Anne,William,4
Liverpool,Manchester United,4
Canada,France,4
Andy,Michael,4
Europe,India,4
Louisiana,Mississippi,4
Indonesia,Malaysia,4
Canada,Toronto,4
United States,Washington,4
State,US,4
Alaska,the United States,4
David,Scotland,4
Smith,Smith,4
New York,Washington,4
Canterbury,Canterbury,4
MTV,Spears,4
Maine,Massachusetts,4
Los Angeles,Vancouver,4
Johnson,Nixon,4
Confederate,Lee,4
Fleming,Jamaica,4
Europe,London,4
Afghanistan,Pakistan,4
California,New York,4
England,Kent,4
Texas,U.S.,4
Empire,Rome,4
Japan,Philippines,4
Manhattan,New York,4
Florida,Louisiana,4
Bush,Obama,4
Edinburgh,London,4
Brazil,China,4
Kentucky,Tennessee,4
Olympic,Olympics,4
Pennsylvania,US,4
@-@,Texas,4
Oxford,Oxford,4
Portland,Seattle,4
Maryland,U.S.,3
France,Mary,3
Hitler,Poland,3
Brazil,the United States,3
Adams,State,3
Britain,US,3
Ohio,Thompson,3
Boston,Smith,3
Andy,Tom,3
Hungary,Russia,3
New York,Smith,3
Allied,Greece,3
Minnesota,the United States,3
Massachusetts,South,3
Britain,the First World War,3
Senate,United States,3
Baltimore,Maryland,3
China,Europe,3
Canada,India,3
Britain,U @-@,3
Entertainment Weekly,Rihanna,3
Iran,the United States,3
Constantinople,Turkey,3
Italy,Rome,3
Allied,Europe,3
Malta,the United Kingdom,3
IGN,Time,3
California,Roosevelt,3
London,Newcastle,3
Virginia,White,3
England,south @-@,3
Earl,Oxford,3
Denmark,France,3
Russia,Turkey,3
France,World War I,3
England,Jamaica,3
Leslie,Tom,3
Lincoln,South,3
Don,Entertainment Weekly,3
Martin,Martin,3
Mississippi,the United States,3
Edward,Richard,3
Anne,London,3
Georgia,Russia,3
Asia,Russia,3
Australia,London,3
Boston,Chicago,3
Egypt,Mediterranean,3
Kansas,Missouri,3
Bush,the United States,3
Maine,Portland,3
Indiana,M @-@,3
Alabama,Virginia Tech,3
Hong Kong,Japan,3
Europe,Spain,3
Chicago,the United States,3
France,U @-@,3
Harrison,co @-@,3
Boston,Toronto,3
BC,China,3
Belgium,Switzerland,3
Jackson,MTV,3
Norman,Wales,3
Fleming,Fleming,3
Italy,Switzerland,3
NBA,West,3
Afghanistan,US,3
Harry,Peter,3
Italy,UK,3
Athens,Georgia,3
Anne,Earl,3
Brown,U.S.,3
Liverpool,New York,3
Boston,New England,3
Italy,the United States,3
Lisa,Simpsons,3
@-@,@-@,3
Edward,Wales,3
California,North America,3
Germany,the United Kingdom,3
Kennedy,Toronto,3
Constitution,the United States,3
Belgium,Germany,3
Philippines,the United States,3
Cuba,U.S.,3
Harrison,India,3
Confederate,Indiana,3
@-@,Barcelona,3
China,the United States,3
Florida,State,3
@-@,Navy,3
Georgia,Washington,3
@-@,London,3
Philadelphia,the United States,3
Brazil,South America,3
Microsoft,Nintendo,3
Taylor,the United States,3
Virginia,Virginia Tech,3
Puerto Rico,the United States,3
Chelsea,London,3
Fox,the United Kingdom,3
Europe,the Middle East,3
America,Moore,3
Australia,Egypt,3
Argentina,Spain,3
Clark,Kentucky,3
South Korea,U.S.,3
Liverpool,Newcastle,3
England,Mary,3
Indiana,Tech,3
@-@,Beyoncé,3
Australia,Britain,3
Clinton,US,3
Jerusalem,Jesus,3
Anne,England,3
Montreal,Toronto,3
Oregon,U.S.,3
Clinton,U.S.,3
Australia,U.S.,3
Alabama,Georgia,3
New York City,Washington,3
Indiana,U.S.,3
Charles,Parliament,3
U.S.,World War II,3
Japan,U.S.,3
Beyoncé,Carter,3
@-@,Maryland,3
Chicago,New York,3
Oregon,the United States,3
Allied,Australia,3
Moscow,Russia,3
California,Mexico,3
Detroit,US,3
Norman,William,3
Cambridge,non @-@,3
Cleveland,NFL,3
London,Scott,3
Denmark,Norway,3
North Carolina,South Carolina,3
MTV,Rihanna,3
@-@,Mary,3
Jupiter,Mars,3
North America,the United Kingdom,3
Kentucky,U.S.,3
Australia,non @-@,3
Britain,the Soviet Union,3
@-@,Jack,3
Hungary,Romania,3
ABC,CBS,3
Manchester,UK,3
Australia,South America,3
Russia,Sweden,3
America,US,3
Anne,Elizabeth,3
Croatia,Italy,3
Jackson,Michael,3
South Korea,US,3
California,Florida,3
Asia,Australia,3
@-@,the United Kingdom,3
Dublin,London,3
Ohio,United States,3
New York City,US,3
Anne,Mary,3
Hungary,Italy,3
Kent,London,3
England,Harrison,3
Asia,India,3
Sweden,the United States,3
Ireland,Norway,3
California,Pacific,3
Beyoncé,Entertainment Weekly,3
Florida,non @-@,3
Barcelona,Spain,3
New York,Toronto,3
Lincoln,Washington,3
Court,United States,3
@-@,Harrison,3
Joe,Peter,3
Denmark,Italy,3
CBS,Fox,3
Italy,Sweden,3
Jackson,Sydney,3
London,Mary,3
Harrison,Scott,3
Pacific,US,3
Jupiter,Sun,3
England,Liverpool,3
London,Oxford,3
Hitler,World War II,3
James,Parliament,3
@-@,Victoria,3
Europe,Russia,3
Senate,Wilson,3
Australia,Olympic,3
Mediterranean,U @-@,3
Giants,Jackson,3
Jesus,John,3
NATO,US,3
Europe,Ireland,3
Broadway,New York City,3
Massachusetts,Washington,3
Beyoncé,Gaga,3
FBI,Mulder,3
Austria,Switzerland,3
@-@,Earth,3
@-@,The A.V. Club,3
South,West,3
Brazil,World Cup,3
Austria,Italy,3
Canada,New York,3
Arizona,California,3
New Zealand,US,3
David,England,3
Oklahoma,U.S.,3
Jackson,Mississippi,3
California,Washington,3
Japan,the Soviet Union,3
Afghanistan,the United States,3
Allied,New Guinea,3
Boston,Cambridge,3
Australia,Bruce,3
Duke,Michigan,3
@-@,Raw,3
Europe,Pacific,3
Canada,Great Britain,3
Greece,Rome,3
Japan,the United Kingdom,3
Britain,Russia,3
China,Korea,3
Iowa,Navy,3
North America,Pacific,3
Australia,France,3
Connecticut,New York,3
UN,US,3
Connecticut,West Virginia,3
Rome,York,3
Missouri,Wisconsin,3
Lee,Washington,3
Hill,Williams,3
India,London,3
Edward,London,3
Brown,England,3
France,World War II,3
Canada,NHL,3
Cuba,Spain,3
Melbourne,White,3
Ontario,Quebec,3
France,UK,3
New Jersey,US,3
Bush,U.S.,3
BBC,London,3
Europe,Sweden,3
Oxford,Shakespeare,3
Canada,United States,3
Caribbean,Jamaica,3
Cuba,Puerto Rico,3
Cuba,Florida,3
Richard,York,3
Germany,Russia,3
Sweden,the United Kingdom,3
US,Vietnam,3
Florida,U.S.,3
World War II,anti @-@,3
Entertainment Weekly,Madonna,3
Minnesota,Wisconsin,3
Great Britain,U.S.,3
Chelsea,Liverpool,3
California,World War II,3
India,South Africa,3
Michael,Thomas,3
Cuba,Jamaica,3
England,World Cup,3
@-@,co @-@,3
Billboard,US,3
Boston,Yankees,3
Scott,Washington,3
New Zealand,the United Kingdom,3
@-@,Disney,3
Congress,NASA,3
World War I,the United States,3
Harrison,London,3
Grant,Missouri,3
Europe,UK,3
Adams,Boston,3
Finland,NATO,3
America,France,3
Mexico,North America,3
US,Washington,3
Johnson,Miller,3
@-@,Spears,3
Australia,Ireland,3
Evans,Michael,3
@-@,Elizabeth,3
Earth,Jupiter,3
Egypt,Israel,3
Mary,William,3
Earl,England,3
Atlantic,Texas,3
West,the United States,3
north @-@,south @-@,3
England,Stephen,3
Arizona,the United States,3
CBS,the United States,3
Atlantic,Mediterranean,3
Korea,U.S.,3
New Zealand,Sydney,3
North America,South America,3
Australia,Pakistan,3
Alabama,Mississippi,3
Texas,United States,3
Fox,Raw,3
Massachusetts,U.S.,3
anti @-@,the United States,3
Senate,the United States,3
Bristol,London,3
Edward,Robert,3
Scott,Virginia,3
Giants,NFL,3
Anderson,Scully,3
Congress,Virginia,3
Europe,the Soviet Union,3
James,Shakespeare,3
Europe,Italy,3
Britain,Spain,3
Army,U.S.,3
@-@,Smith,3
Fleming,Washington,2
@-@,Wilson,2
Entertainment Weekly,Michael,2
@-@,Italy,2
Edward,Elizabeth,2
Hong Kong,San Francisco,2
Australia,California,2
Dublin,US,2
Los Angeles,Paris,2
Elizabeth,Victoria,2
Paul,Rihanna,2
Army,Seattle,2
France,Quebec,2
Texas,Washington,2
Roosevelt,the United States,2
Johnson,Martin,2
Brazil,Spain,2
The New York Times,the United States,2
Europe,New York,2
Davis,NBA,2
Anderson,Confederate,2
Florida,Taylor,2
Portland,Smith,2
New England,Quebec,2
Bart,Martin,2
@-@,North America,2
Australia,UK,2
Vancouver,Washington,2
Maryland,Pennsylvania,2
Mexico,west @-@,2
Elizabeth,John,2
England,Manchester United,2
Harrison,Senate,2
Parliament,UK,2
France,Ireland,2
Italy,US,2
England,Parliament,2
@-@,Alice,2
London,Madonna,2
Davis,Jackson,2
Jerusalem,William,2
Britain,Wales,2
Florida,Georgia,2
Georgia,U.S.,2
Norway,Russia,2
RAAF,Williams,2
Australia,Norway,2
Dean,John,2
Syria,Turkey,2
Constantinople,John,2
North America,the Middle East,2
Caribbean,South America,2
New York,UK,2
Iran,US,2
Iraq,Syria,2
Allies,Greece,2
@-@,The New York Times,2
BBC,England,2
Clinton,Parker,2
U.S.,West Virginia,2
Berlin,US,2
Edward,Victoria,2
Arsenal,Wright,2
Jackson,Lee,2
FBI,Kennedy,2
Australia,Spain,2
Lewis,Oxford,2
London,Victoria,2
Gaga,MTV,2
Britain,the United Kingdom,2
Batman,Grant,2
Columbia,Dylan,2
America,Boston,2
Olympics,the United States,2
Mary,Scotland,2
Henry,Rome,2
Elizabeth,London,2
Charles,Napoleon,2
Australia,Greece,2
Missouri,New York,2
RAAF,World War II,2
Nintendo,North America,2
Germany,Switzerland,2
Spain,the United Kingdom,2
London,Moscow,2
China,Russia,2
Egypt,France,2
Belgium,Romania,2
America,Carey,2
Montreal,the United States,2
Argentina,Japan,2
US,World War II,2
Chelsea,Henry,2
Navy,Washington,2
Alaska,California,2
London,Norman,2
Navy,Nixon,2
Beyoncé,New York City,2
Britain,Edinburgh,2
Mississippi,U.S.,2
Britain,Commonwealth,2
Beyoncé,Love,2
Allied,Atlantic,2
Cyrus,Kelly,2
Colorado,Maryland,2
White,the United Kingdom,2
Britain,Poland,2
Congress,House,2
William,York,2
Confederate,Georgia,2
Pennsylvania,York,2
Illinois,Kentucky,2
@-@,Michael,2
Egypt,India,2
Argentina,England,2
West,West,2
Billboard,Harrison,2
Madonna,New York City,2
Congress,Court,2
MLB,West,2
Jackson,U.S.,2
Oregon,non @-@,2
Earl,Gilbert,2
Henry,Walter,2
@-@,Sega,2
York,York,2
Martin,Michigan,2
Virginia,non @-@,2
England,Normandy,2
Pacific,Philippines,2
Afghanistan,Michael,2
Britain,Melbourne,2
Malta,Sydney,2
Mars,NASA,2
Britain,Edward,2
New Zealand,the Second World War,2
Gibraltar,UK,2
Hitler,US,2
Florida,United States,2
Fox,Marge,2
Birmingham,UK,2
@-@,State,2
Nixon,Ohio,2
Congress,Ohio,2
Chicago,U.S.,2
Florida,North Carolina,2
Kent,Somerset,2
@-@,Poland,2
France,US,2
Wales,World Cup,2
Iowa,Thompson,2
Lincoln,York,2
Constantinople,Hungary,2
Brazil,UK,2
Jack,Kelly,2
Hill,Tech,2
Harrison,the United States,2
Michigan,Taylor,2
America,Carter,2
China,France,2
Detroit,M @-@,2
NFL,Virginia Tech,2
Constitution,Singapore,2
Germany,Greece,2
Atlantic,Britain,2
London,Nelson,2
New Zealand,the United States,2
Dylan,New York,2
Ohio,State,2
Austria,Britain,2
Carey,Don,2
@-@,Sun,2
NATO,Russia,2
Melbourne,Scott,2
England,York,2
China,Great Britain,2
David,Henry,2
@-@,Virginia,2
Utah,Washington,2
Grant,Senate,2
Kansas,U.S.,2
NY,the United States,2
Australia,UN,2
Jordan,NBA,2
Bush,Texas,2
Billboard,Don,2
Cleveland,Yankees,2
Argentina,China,2
Florida,Thompson,2
Congress,US,2
England,Evans,2
Berlin,New York,2
Netherlands,Norway,2
Canada,Europe,2
Germany,the Soviet Union,2
California,Disney,2
Brazil,Germany,2
NHL,Vancouver,2
Charles,Marge,2
London,US,2
@-@,NHL,2
America,the United Kingdom,2
India,Thomas,2
London,north @-@,2
Davis,Lee,2
Dylan,New York City,2
Mediterranean,the Royal Navy,2
Church,Constitution,2
Baltimore,New York,2
England,US,2
Australia,Yorkshire,2
New York City,U.S.,2
Denmark,the United States,2
South Africa,the United States,2
James,Robert,2
Commonwealth,Empire,2
Ford,Indiana,2
Pennsylvania,United States,2
Hollywood,New York,2
Croatia,Hungary,2
New York,Williams,2
Cyrus,Entertainment Weekly,2
North America,Texas,2
Afghanistan,U.S.,2
China,South Korea,2
Grant,South,2
Mary,Pennsylvania,2
Bond,Love,2
Scotland,South Africa,2
US,four @-@,2
Cambridge,US,2
@-@,Manchester United,2
MTV,the United States,2
Britain,Japan,2
Illinois,the United States,2
BBC,Britain,2
Hawaii,U.S.,2
BC,Greece,2
Georgia,Virginia Tech,2
Madonna,UK,2
Parliament,Scotland,2
Manchester,Manchester,2
Arsenal,Europe,2
Florida,Texas,2
Brown,Senate,2
London,Sullivan,2
Martin,Sweden,2
Chicago,London,2
Nixon,U.S.,2
Argentina,Mexico,2
Asia,Vietnam,2
Confederate,Norfolk,2
Germany,Norway,2
Japan,Russia,2
California,Utah,2
America,Lisa,2
Europe,Scotland,2
Church,Jesus,2
Colorado,Oregon,2
South Africa,State,2
Oxford,Paris,2
France,New York,2
Rihanna,The New York Times,2
London,Shakespeare,2
New Jersey,Washington,2
China,Cuba,2
Carey,Los Angeles,2
Sun,Sun,2
Court,Washington,2
Kentucky,Ohio,2
Italy,Napoleon,2
Illinois,Mississippi,2
Cooper,FBI,2
Iraq,the Middle East,2
Paris,Spain,2
FBI,U.S.,2
Colorado,Kansas,2
McCartney,UK,2
Massachusetts,North America,2
Hong Kong,Singapore,2
Ireland,Italy,2
Washington,William,2
Iowa,U.S.,2
Mediterranean,Turkey,2
John,Mary,2
Europe,Madonna,2
Johnson,NFL,2
Hawaii,US,2
Illinois,Wisconsin,2
Adams,New York,2
Britain,Nelson,2
Britain,England,2
Brown,Johnson,2
London,the Second World War,2
America,U.S.,2
Brazil,Greece,2
America,Billboard,2
Commonwealth,Kentucky,2
London,Olympics,2
Alexander,Russia,2
@-@,Florida,2
Britain,UK,2
France,Louisiana,2
@-@,Mediterranean,2
M @-@,M @-@,2
Indonesia,New Guinea,2
Don,the United States,2
@-@,Ireland,2
Canada,Victoria,2
Army,Congress,2
@-@,Johnson,2
Hamilton,Toronto,2
Canterbury,William,2
Pakistan,US,2
Duke,Normandy,2
Germany,Ireland,2
@-@,Netherlands,2
Jerusalem,London,2
Britain,Gibraltar,2
Cuba,New Orleans,2
Paris,Poland,2
Philippines,U.S.,2
@-@,Homer,2
France,Portugal,2
Bush,Nixon,2
Congress,New York,2
Berlin,Europe,2
South,Texas,2
Japan,Queensland,2
U @-@,U @-@,2
France,Syria,2
Caribbean,England,2
Kelly,Phoenix,2
BBC,UK,2
Bradman,Don,2
Microsoft,US,2
Paul,Peter,2
France,Yugoslavia,2
Syria,US,2
Grant,Johnson,2
Greece,Turkey,2
London,Yorkshire,2
Scott,Wilson,2
Canada,Scotland,2
Confederate,Grant,2
Parliament,Wales,2
Poland,the United States,2
France,Thomas,2
New York,Spears,2
RAF,World War II,2
England,Hill,2
Edward,Mary,2
Mexico,Pacific,2
NHL,World War II,2
Army,World War II,2
Morris,Morris,2
Martin,Williams,2
Germany,the First World War,2
Caribbean,Spain,2
China,Indonesia,2
Kentucky,Senate,2
World War II,the Royal Navy,2
Giants,Wilson,2
Michigan,Virginia Tech,2
Colorado,Texas,2
Atlantic,Europe,2
Singapore,the United States,2
Navy,San Francisco,2
Earl,Ross,2
Egypt,Iraq,2
Australia,Jackson,2
Philippines,South Korea,2
Mary,Rome,2
Michael,Paul,2
Caribbean,New England,2
Congress,Jackson,2
Britain,Italy,2
Chicago,Los Angeles,2
Europe,Nintendo,2
Entertainment Weekly,Spears,2
Hong Kong,Philippines,2
Florida,Illinois,2
@-@,non @-@,2
Army,Germany,2
Carter,Peter,2
Florida,Virginia,2
Smith,UK,2
France,South Africa,2
MD,Pennsylvania,2
Israel,Norway,2
ABC,the United States,2
England,Norway,2
Los Angeles,the United States,2
Australia,Brown,2
Nintendo,the United States,2
George,Harrison,2
Germany,US,2
Charles,Mary,2
Hollywood,the United States,2
Rome,Senate,2
Edward,Williams,2
West Virginia,White,2
England,Wilson,2
Nintendo,US,2
Charles,France,2
Kentucky,Lincoln,2
Japan,World War II,2
Ireland,Wales,2
John,Scotland,2
China,U.S.,2
Brown,Rihanna,2
France,Japan,2
Australia,Vietnam,2
New York City,the United States,2
David,Tom,2
Bond,Times,2
Brian,IGN,2
Andy,Leslie,2
Peter,Washington,2
Harrison,Pennsylvania,2
Los Angeles,US,2
Michael,Tom,2
Chicago,Stone,2
Harrison,West,2
@-@,Japan,2
Carey,Houston,2
Hawaii,United States,2
Broadway,The New York Times,2
Chicago,San Francisco,2
Afghanistan,NATO,2
Belgium,Hungary,2
Jackson,New Zealand,2
Britain,Portugal,2
New York,United States,2
North Carolina,Tennessee,2
Ireland,UK,2
Belgium,the United Kingdom,2
Robert,Stephen,2
Chicago,United States,2
Australia,Johnson,2
Colorado,Utah,2
Chicago,Minnesota,2
Hollywood,New York City,2
Japan,South Korea,2
Army,Tennessee,2
Iowa,Wisconsin,2
Great Britain,Scotland,2
Church,Wales,2
Church,Edward,2
Beyoncé,Billboard,2
France,Romania,2
Michigan,Smith,2
France,Malta,2
Britain,Canterbury,2
England,Pakistan,2
England,Israel,2
Argentina,South Africa,2
Asia,US,2
the First World War,the Second World War,2
Europe,Turkey,2
Roosevelt,the Supreme Court,2
California,United States,2
Canada,New Zealand,2
United States,Virginia,2
Olympic,Oxford,2
Philadelphia,San Francisco,2
New Jersey,Virginia,2
North Carolina,United States,2
George,John,2
Italy,Russia,2
Quebec,the United States,2
Africa,North America,2
Gordon,Peter,2
Los Angeles,Love,2
Illinois,Missouri,2
Allied,Syria,2
Marge,US,2
Church,Henry,2
Singapore,the United Kingdom,2
Bradman,Brown,2
Russia,Yugoslavia,2
Indiana,Jones,2
England,Johnson,2
@-@,Kelly,2
China,Washington,2
Mars,Rolling Stone,2
Martin,Smith,2
Virginia,the United States,2
Africa,Constantinople,2
Beyoncé,US,2
Allies,Europe,2
@-@,UK,2
Boston,Mary,2
Elizabeth,James,2
Kansas,US,2
Ford,Yankees,2
Texas,Thomas,2
Iraq,UN,2
Congress,U.S.,2
California,Dylan,2
Rihanna,US,2
@-@,Los Angeles,2
Massachusetts,US,2
Indonesia,Philippines,2
Guardian,New York City,2
Minnesota,New York,2
Australia,Great Britain,2
Giants,Taylor,2
Europe,Great Britain,2
@-@,Simpsons,2
Poland,World War II,2
Yugoslavia,the Soviet Union,2
France,Navy,2
France,Norway,2
Congress,Missouri,2
Japan,World Cup,2
Arizona,Texas,2
Harrison,New York,2
Microsoft,anti @-@,2
America,New Jersey,2
America,New York,2
Liverpool,Manchester,2
Moon,NASA,2
@-@,United States,2
Michigan,New York,2
Andy,Dwight,2
Lennon,Smith,2
England,Switzerland,2
Bond,England,2
Hollywood,Madonna,2
Afghanistan,Australia,2
Canterbury,England,2
Jerusalem,John,2
Gibraltar,Nelson,2
London,Spain,2
New Zealand,north @-@,2
RAAF,RAF,2
Atlantic,Mexico,2
Scotland,the First World War,2
Australia,World War I,2
Fleming,UK,2
@-@,Murphy,2
Congress,Texas,2
Hawaii,Pacific,2
Senate,Texas,2
Cuba,the United States,2
Canada,New England,2
Connecticut,New Jersey,2
Guardian,UK,2
India,the United Kingdom,2
Los Angeles,Rihanna,2
Europe,World War I,2
Japan,MacArthur,2
Illinois,Michigan,2
Paul,Robert,2
@-@,Canada,2
John,Walter,2
Philadelphia,Virginia,2
NHL,New York,2
Bush,United States,2
Canada,Sweden,2
NBA,Toronto,2
England,Japan,2
Canada,MTV,2
Beyoncé,Rolling Stone,2
Cyrus,the United States,2
co @-@,the United States,2
Newcastle,Sydney,2
Canada,UK,2
Gaga,Los Angeles,2
Europe,non @-@,2
Gaga,Kelly,2
London,Smith,2
Army,Pacific,2
California,Court,2
@-@,Bart,2
Spears,the United Kingdom,2
China,Malaysia,2
France,New Jersey,2
Earl,Edward,2
Michigan,Texas,2
Don,UK,2
Norway,non @-@,2
Lennon,Liverpool,2
Wilson,the United States,2
Entertainment Weekly,NBC,2
Britain,North America,2
Beyoncé,Los Angeles,2
Charles,Henry,2
Australia,Boeing,2
Argentina,South America,2
Moon,US,2
Allied,Singapore,2
United States,the United Kingdom,2
Allied,England,2
Guardian,UN,2
Japan,Mediterranean,2
Commonwealth,Sweden,2
James,WWE,2
Chicago,Washington,2
US,non @-@,2
Denmark,Liverpool,2
New Guinea,Philippines,2
Disney,Japan,2
Manchester,Manchester United,2
@-@,Lincoln,2
Fox,co @-@,2
@-@,Thomas,2
Anne,Scotland,2
ABC,NBC,2
Smith,Wilson,2
@-@,Guardian,2
Israel,Jordan,2
Alabama,North Carolina,2
Tech,Tennessee,2
Allies,Germany,2
@-@,Moore,2
Congress,Grant,2
World War I,World War II,2
Clark,Earth,2
Roosevelt,United States,2
Henry,Mary,2
Sydney,the United Kingdom,2
Army,Switzerland,2
Earl,Thomas,2
Egypt,New Zealand,2
Canterbury,France,2
Pennsylvania,Washington,2
@-@,JNA,2
London,Williams,2
Belgium,Turkey,2
California,Lincoln,2
Henry,Norman,2
@-@,NFL,2
Earl,Florida,2
Obama,Senate,2
Canada,Japan,2
NBC,the United Kingdom,2
Normandy,Robert,2
Brazil,North America,2
Michael,New York,2
Florida,New England,2
Kentucky,Scott,2
Philippines,Spain,2
Belgium,Europe,2
Germany,U @-@,2
Singapore,the Second World War,2
Canada,Williams,2
Connecticut,Virginia,2
Europe,Thomas,2
Lincoln,London,2
London,the United Kingdom,2
BBC,Madonna,2
Paris,Rome,2
Peter,West,2
Iraq,Vietnam,2
John,London,2
Jack,Lisa,2
Canada,Italy,2
New York,Paul,2
James,NBA,2
Italy,World Cup,2
Florida,South Carolina,2
Britain,George,2
Johnson,Michael,2
Giants,The New York Times,2
Australia,China,2
Colorado,Oklahoma,2
Scully,William,2
Philippines,west @-@,2
Confederate,Washington,2
Edward,Italy,2
Ohio,Pennsylvania,2
America,Bush,2
Constitution,Court,2
Pennsylvania,U.S.,2
@-@,John,2
Carter,Kennedy,2
Pennsylvania,Thompson,2
Empire,England,2
Russia,Victoria,2
Adams,England,2
Iraq,Turkey,2
Atlantic,France,2
Italy,World War I,2
Detroit,Miami,2
York,mid @-@,2
Europe,Victoria,2
Thomas,York,2
Homer,Simpsons,2
Connecticut,New York City,2
@-@,Giants,2
Germany,Melbourne,2
@-@,Paris,2
Asia,South Korea,2
Finland,Sweden,2
Malta,Mediterranean,2
John,Spain,2
Connecticut,Massachusetts,2
Italy,U @-@,2
England,New York,2
Allied,Japan,2
Cuba,north @-@,2
America,Mexico,2
Bond,Russia,2
US,West Virginia,2
@-@,Army,2
Maryland,Navy,2
India,Philippines,2
Italy,the United Kingdom,2
@-@,World War II,2
Jackson,White,2
Clinton,New York City,2
Canterbury,York,2
Iowa,Kentucky,2
Bristol,Wales,2
England,the Middle East,2
Shakespeare,William,2
France,Hungary,2
Athens,London,2
Gaga,Madonna,2
Beyoncé,The New York Times,2
Scully,Simpsons,2
Caribbean,north @-@,2
Pakistan,UN,2
Argentina,Don,2
Colorado,co @-@,2
Portland,US,2
Congress,World War II,2
England,Newcastle,2
@-@,Mexico,2
@-@,Constantinople,2
Japan,Washington,2
South Korea,the United Kingdom,2
Austria,Russia,2
Europe,Switzerland,2
@-@,Miller,2
Indonesia,Netherlands,2
@-@,Cooper,2
Bush,Minnesota,2
FBI,White,2
Anne,Henry,2
Alexander,Lincoln,2
Boston,Washington,2
Billboard,Madonna,2
Norway,Scotland,2
Michigan,Minnesota,2
New York,Virginia,2
Columbia,South Carolina,2
Moscow,Poland,2
@-@,West,2
@-@,McCartney,2
Allied,US,2
Congress,Pakistan,2
Moore,Murphy,2
California,Oregon,2
Maryland,Scott,2
Brown,Virginia,2
Hawaii,San Francisco,2
Argentina,Scotland,2
@-@,Croatia,2
Canada,Olympic,2
Italy,Portugal,2
Britain,John,2
Allied,Hitler,2
Croatia,UN,2
Alexander,BC,2
Phoenix,US,2
Los Angeles,North America,2
IGN,Peter,2
Indiana,Johnson,2
Scotland,the United Kingdom,2
Scotland,World Cup,2
Miami,Virginia Tech,2
South Korea,the United States,2
Norman,US,2
Iraq,US,2
Austria,Poland,2
Brown,Iraq,2
Brazil,Empire,2
Allied,Norway,2
England,James,2
US,Wisconsin,2
Anderson,London,2
Constantinople,Italy,2
Atlantic,U @-@,2
Maryland,Washington,2
Gibraltar,Malta,2
Caribbean,Pacific,2
Mary,Parliament,2
Liverpool,Parliament,2
New York City,Tennessee,2
Kent,Kent,2
Indiana,Texas,2
Poland,Romania,2
Mary,Williams,2
Anne,James,2
England,Yorkshire,2
Adams,Congress,2
@-@,Brian,2
Billboard,Rolling Stone,2
@-@,Ross,2
Australia,Evans,2
@-@,Allied,2
Canada,Olympics,2
Nielsen,U.S.,2
Kennedy,United States,2
Johnson,Virginia,2
California,Richmond,2
MD,Maryland,2
Maryland,South Carolina,2
Obama,U.S.,2
Egypt,the Middle East,2
China,Vietnam,2
FBI,New Jersey,2
Los Angeles,Mars,2
Australia,New York,2
England,Oxford,2
Norman,Normandy,2
John,Peter,2
Connecticut,Navy,2
Asia,Pacific,1
Queensland,Sydney,1
BBC,Sam,1
Arizona,Maine,1
Roosevelt,State,1
Dublin,India,1
Allied,Missouri,1
Kentucky,Korea,1
Miller,World War II,1
Navy,Pacific,1
north @-@,the United States,1
Japan,Roosevelt,1
London,Moon,1
Cleveland,Kent,1
Chicago,Scott,1
Jupiter,Moon,1
Baltimore,Richmond,1
Atlantic,Caribbean,1
Vancouver,Victoria,1
Peter,Stephen,1
Poland,US,1
@-@,Stephen,1
Lewis,New York City,1
Italy,Netherlands,1
Minnesota,Phoenix,1
New York,North Carolina,1
Canada,Senate,1
Fox,Stone,1
Constantinople,Thomas,1
Carter,Chicago,1
England,Melbourne,1
Indiana,Massachusetts,1
Melbourne,World War II,1
Indiana,Iowa,1
Argentina,Olympic,1
Anderson,Lee,1
Fox,Jack,1
Madonna,Malta,1
Edward,York,1
Charles,Switzerland,1
Kent,south @-@,1
Australia,Beyoncé,1
Alexander,Scotland,1
Carter,Europe,1
Norman,Oxford,1
Lisa,Mary,1
Hollywood,India,1
UN,the Soviet Union,1
Hitler,Time,1
Australia,Commonwealth,1
Brown,World War II,1
Congress,Davis,1
Edward,Thomas,1
BBC,The New York Times,1
Greece,Spain,1
Egypt,Paris,1
Harry,Seattle,1
Don,Texas,1
Houston,Philadelphia,1
Rome,West,1
Japan,four @-@,1
Florida,Mississippi,1
Georgia,New York,1
House,Missouri,1
Mediterranean,Syria,1
Austria,Spain,1
D.C.,Maryland,1
Simpsons,Tom,1
Jackson,the United States,1
Gibraltar,the United States,1
Mary,Virginia,1
Madonna,West,1
Turkey,UN,1
Church,World War II,1
Broadway,Nielsen,1
Newcastle,World War II,1
Fleming,Russia,1
Indonesia,Scott,1
London,Philadelphia,1
New York,four @-@,1
John,Paul,1
Johnson,Jones,1
France,Texas,1
Jackson,Olympics,1
Canada,Time,1
Alexander,William,1
Lennon,Time,1
Earl,Wales,1
Baltimore,Norfolk,1
Bristol,Liverpool,1
Kennedy,Ontario,1
Australia,South Korea,1
Fleming,Mary,1
Illinois,U.S.,1
Canterbury,London,1
Johnson,MacArthur,1
America,Congress,1
India,west @-@,1
Mary,Robinson,1
Navy,North Carolina,1
Bond,Ford,1
Wilson,co @-@,1
Constantinople,Egypt,1
NY,Virginia,1
China,the Soviet Union,1
Court,Oregon,1
Empire,Sweden,1
Congress,co @-@,1
Brown,Korea,1
England,Homer,1
ABC,Seattle,1
@-@,Norway,1
Boeing,Richmond,1
Harrison,Portugal,1
New Guinea,the United Kingdom,1
Nixon,Washington,1
Norman,the United States,1
Confederate,Kentucky,1
Australia,Simpsons,1
Henry,Thomas,1
Allies,north @-@,1
Cuba,New England,1
Confederate,the United States,1
Beyoncé,the United States,1
@-@,Tech,1
Michigan,NBA,1
Cleveland,West,1
@-@,IGN,1
Quebec,United States,1
Liz,Wales,1
Montreal,NHL,1
Britain,Napoleon,1
Detroit,Yankees,1
Army,James,1
Scott,Scott,1
New York City,Shakespeare,1
India,Toronto,1
Spain,Sweden,1
Williams,Wilson,1
Duke,Edinburgh,1
Mexico,Philadelphia,1
Beyoncé,Miami,1
Andy,Liz,1
Berlin,Croatia,1
Boston,London,1
Arizona,Colorado,1
Barcelona,Paris,1
London,South Carolina,1
Britain,Times,1
Portugal,U @-@,1
@-@,Cyrus,1
Maine,New York City,1
America,Morrison,1
Australia,the Second World War,1
BBC,United States,1
Bond,Sun,1
Henry,Miller,1
Confederate,New Orleans,1
Allies,Malta,1
Brown,Scotland,1
Britain,Oxford,1
Colorado,Iowa,1
Beyoncé,MTV,1
Lee,New York,1
Boston,Canada,1
China,Mediterranean,1
Commonwealth,Poland,1
U.S.,Utah,1
Jones,Philadelphia,1
Canterbury,Simpsons,1
@-@,Nixon,1
@-@,Bush,1
Athens,Wales,1
Bond,Simpsons,1
Japan,Wilson,1
Ohio,Toronto,1
Rome,Vancouver,1
Clark,Washington,1
Congress,Hamilton,1
Duke,Great Britain,1
Maryland,North Carolina,1
Adams,Jackson,1
Ford,Navy,1
South,World War II,1
Jones,Simpsons,1
Miller,Oklahoma,1
Brazil,South Africa,1
Ford,New York City,1
Harry,Ireland,1
Allied,Yugoslavia,1
Confederate,Stone,1
Moscow,NHL,1
North America,Washington,1
Atlanta,Virginia Tech,1
Britain,South Africa,1
Entertainment Weekly,MTV,1
Jack,Philadelphia,1
House,India,1
Beyoncé,Texas,1
Beyoncé,The A.V. Club,1
Jr.,The New York Times,1
Mediterranean,Texas,1
New Jersey,World War II,1
Jones,Paris,1
London,WWE,1
Washington,non @-@,1
Georgia,House,1
Alaska,Washington,1
Romania,Sweden,1
Rolling Stone,Time,1
South America,Spain,1
London,U.S.,1
Atlanta,New York,1
UN,United States,1
Earth,Kennedy,1
ABC,US,1
Australia,RAAF,1
MTV,Ross,1
Syria,UK,1
@-@,Thompson,1
Johnson,Sydney,1
Evans,Lennon,1
House,Kent,1
Berlin,Olympic,1
Brown,Parliament,1
Earth,US,1
South Africa,the Middle East,1
Church,Rome,1
Chicago,West,1
Marge,Robinson,1
Navy,Utah,1
Africa,Spain,1
Paris,Richard,1
Britain,World War I,1
U @-@,World War II,1
Edwards,New England,1
John,World War I,1
Germany,Hungary,1
England,Walter,1
NASA,Virginia,1
Mars,The A.V. Club,1
@-@,New England,1
Constantinople,Jerusalem,1
Alice,William,1
Japan,Wisconsin,1
Guardian,Madonna,1
CBS,NFL,1
Kentucky,the United States,1
@-@,Kentucky,1
@-@,Colorado,1
Brown,the United States,1
Britain,Charles,1
Chris,Louisiana,1
Earth,Philippines,1
Henry,William,1
Love,UK,1
RAAF,Victoria,1
Charles,James,1
Caribbean,the United States,1
Baltimore,Obama,1
Charles,Romania,1
Iran,New York,1
Maryland,West Virginia,1
Billboard,Rihanna,1
America,Ford,1
Indonesia,West,1
Japan,Lisa,1
China,Olympic,1
Cleveland,Florida,1
@-@,Mulder,1
Lewis,Lewis,1
Maine,the Royal Navy,1
Kelly,MLB,1
Italy,Mediterranean,1
Alexander,Church,1
Serbia,the Soviet Union,1
Johnson,United States,1
Evans,Philadelphia,1
Britain,the Middle East,1
Edinburgh,Netherlands,1
Pennsylvania,Scotland,1
Fox,Hollywood,1
Elizabeth,Fleming,1
France,Rome,1
Cleveland,England,1
Chelsea,Clinton,1
Puerto Rico,Senate,1
Chicago,New Jersey,1
India,non @-@,1
Don,the United Kingdom,1
Croatia,Parliament,1
Jackson,Pennsylvania,1
George,IGN,1
Homer,U.S.,1
Hong Kong,the First World War,1
Evans,Parliament,1
Belgium,Croatia,1
Cuba,Disney,1
Edwards,RAF,1
Alaska,North America,1
Fox,MLB,1
Belgium,Toronto,1
Asia,Singapore,1
Marge,Simpsons,1
Maryland,Phoenix,1
Madonna,The New York Times,1
Moon,Wright,1
Allies,Japan,1
Davis,Tech,1
Jones,Ross,1
Congress,Louisiana,1
Parker,co @-@,1
Dean,Dublin,1
Gilbert,New Zealand,1
Moon,Rome,1
Charles,Edward,1
Oxford,Williams,1
@-@,Morrison,1
Maryland,The New York Times,1
Giants,New York City,1
Confederate,Senate,1
Alexander,James,1
Dylan,Scully,1
Lincoln,the United States,1
India,U.S.,1
Malta,UK,1
Normandy,World War II,1
Davis,Kentucky,1
Brian,World War II,1
Simpsons,the United Kingdom,1
Finn,Jackson,1
Harrison,Indiana,1
Illinois,anti @-@,1
China,the United Kingdom,1
Great Britain,Italy,1
New South Wales,Scotland,1
Normandy,the United Kingdom,1
Washington,the Supreme Court,1
@-@,M @-@,1
Obama,Pakistan,1
Edwards,Smith,1
Iraq,Russia,1
Richard,the Middle East,1
Jr.,United States,1
Italy,Malta,1
Pacific,Texas,1
California,Nixon,1
Miller,RAF,1
James,Murray,1
Netherlands,Scotland,1
Navy,the Soviet Union,1
Florida,NASA,1
Berlin,Dublin,1
Japan,Wales,1
Canada,Commonwealth,1
CBS,NHL,1
Argentina,Great Britain,1
Britain,Switzerland,1
Atlanta,NHL,1
Manhattan,US,1
Billboard,Melbourne,1
Lennon,New York,1
Johnson,World War I,1
Korea,Vietnam,1
California,Jackson,1
IGN,Nintendo,1
Army,Senate,1
Moscow,Washington,1
Michael,Pennsylvania,1
Davis,Taylor,1
Frank,Spain,1
Gilbert,London,1
Congress,Syria,1
BBC,Iraq,1
Atlantic,UK,1
Florida,Tennessee,1
Cyrus,Rihanna,1
Henry,London,1
Love,the United Kingdom,1
Asia,Empire,1
Ontario,the United States,1
Confederate,Tennessee,1
NBC,Navy,1
Houston,MLB,1
Croatia,US,1
M @-@,anti @-@,1
Lennon,New York City,1
Indiana,Wilson,1
James,UK,1
@-@,Obama,1
Charles,Mexico,1
China,Marge,1
Evans,House,1
Jackson,Tokyo,1
New York,William,1
Kansas,Washington,1
Hill,Scott,1
Missouri,US,1
D.C.,MacArthur,1
Joe,UK,1
China,Iran,1
California,Paul,1
Broadway,Canada,1
Confederate,White,1
Brown,Harrison,1
Italy,Norway,1
@-@,South Africa,1
Constantinople,the United States,1
World War II,non @-@,1
Japan,the Supreme Court,1
Alice,U.S.,1
Edward,Florida,1
Henry,Raw,1
Indonesia,UN,1
anti @-@,the Second World War,1
Alexander,Canterbury,1
Allied,U @-@,1
McCartney,Russia,1
CBS,Louisiana,1
Duke,Duke,1
Don,U.S.,1
Jordan,the United States,1
Indiana,Minnesota,1
America,North America,1
Mulder,Oklahoma,1
Georgia,US,1
London,Netherlands,1
Pennsylvania,Robinson,1
Tennessee,Virginia Tech,1
Connecticut,Los Angeles,1
FBI,the United States,1
Columbia,Utah,1
London,Rihanna,1
Walter,York,1
Scotland,State,1
Homer,Homer,1
Australia,Washington,1
North America,four @-@,1
Gilbert,Phoenix,1
Michigan,Virginia,1
Bush,Pennsylvania,1
ABC,Fox,1
Time,Vietnam,1
Tennessee,U.S.,1
Great Britain,Victoria,1
Atlanta,State,1
Charles,Spain,1
Melbourne,Wilson,1
Brown,non @-@,1
Earl,Smith,1
Europe,Richard,1
UN,Williams,1
Canterbury,Charles,1
America,Kent,1
Kelly,Pennsylvania,1
Manhattan,the Soviet Union,1
NBC,NFL,1
Kelly,Manchester,1
Beyoncé,Smith,1
India,Oregon,1
Senate,U.S.,1
Alice,Peter,1
Europe,Illinois,1
Australia,Jones,1
Baltimore,West Virginia,1
Mediterranean,Norfolk,1
England,Turkey,1
NBA,New York City,1
Alexander,George,1
Morrison,Raw,1
Henry,Michael,1
Brazil,Carey,1
Italy,Scotland,1
Anderson,Carter,1
Chris,Don,1
New York City,The New York Times,1
Brown,Jr.,1
Iowa,Texas,1
Nintendo,mid @-@,1
Alexander,Tech,1
New York City,York,1
California,Taylor,1
James,NFL,1
Maryland,Philadelphia,1
Ford,Microsoft,1
David,Georgia,1
China,Florida,1
Parliament,the Royal Navy,1
India,Madagascar,1
Church,Normandy,1
Egypt,Romania,1
@-@,Finland,1
Jordan,Syria,1
Allies,Sweden,1
France,Oklahoma,1
Boston,Sydney,1
Atlantic,Ireland,1
Cuba,Philippines,1
Fox,non @-@,1
Roosevelt,Senate,1
Jack,Moore,1
China,Liverpool,1
Richard,Smith,1
Hollywood,YouTube,1
Chicago,Court,1
Bruce,London,1
India,Japan,1
Allies,Italy,1
Dylan,Rolling Stone,1
Croatia,Switzerland,1
California,North Carolina,1
Berlin,South Africa,1
Hong Kong,the Second World War,1
Allied,the Soviet Union,1
Houston,Richard,1
Detroit,Los Angeles,1
Kansas,Miller,1
@-@,Chicago,1
Harry,Melbourne,1
Charles,John,1
Don,Mary,1
Columbia,Moon,1
Ohio,World War II,1
Brown,Smith,1
Constantinople,France,1
Nelson,Vancouver,1
London,Pacific,1
Brown,Sun,1
Jones,NBA,1
Argentina,Hawaii,1
Hong Kong,New York City,1
Georgia,Obama,1
India,York,1
ABC,Los Angeles,1
Kent,William,1
Carey,Lewis,1
London,non @-@,1
Guardian,Lewis,1
Portland,San Francisco,1
D.C.,Houston,1
Florida,Los Angeles,1
JNA,UN,1
Mulder,New Jersey,1
Church,London,1
France,Oxford,1
U @-@,World Cup,1
Belgium,United States,1
Netherlands,the United Kingdom,1
Georgia,the Soviet Union,1
Court,Senate,1
Florida,Utah,1
Florida,Gordon,1
Jack,U.S.,1
Hong Kong,the Royal Navy,1
Duke,Liverpool,1
San Francisco,Turkey,1
Netherlands,the Second World War,1
Gordon,Michael,1
Brazil,Philippines,1
NY,World War II,1
Ohio,Tennessee,1
MacArthur,the United Kingdom,1
India,Williams,1
New York City,co @-@,1
Portugal,World Cup,1
Duke,Kentucky,1
Ford,Jr.,1
New England,the United States,1
Mexico,Nelson,1
London,Wilson,1
Batman,United States,1
India,YouTube,1
California,Japan,1
Don,Smith,1
Joe,Sam,1
Germany,Sweden,1
London,Portugal,1
France,Vietnam,1
Spain,Syria,1
Time,the United States,1
Chicago,Michigan,1
Brazil,Napoleon,1
Great Britain,Oregon,1
anti @-@,non @-@,1
Miller,New South Wales,1
House,Ohio,1
Canterbury,Walter,1
Simpsons,the United States,1
Miami,Parker,1
Louisiana,Tennessee,1
Commonwealth,Richmond,1
England,New England,1
Massachusetts,Newcastle,1
Russia,the United Kingdom,1
Murphy,Obama,1
Lincoln,North Carolina,1
David,Madonna,1
Chicago,New England,1
China,Moon,1
Connecticut,the United Kingdom,1
England,New South Wales,1
Afghanistan,Indonesia,1
@-@,Virginia Tech,1
France,Tokyo,1
Canada,Smith,1
Jackson,The New York Times,1
Navy,Sydney,1
America,Grant,1
New England,Scotland,1
BBC,Cooper,1
Atlantic,World War II,1
California,Canada,1
Brown,Times,1
Arsenal,Arsenal,1
Singapore,co @-@,1
Don,Moon,1
Clark,Kent,1
Houston,the United States,1
Mexico,the United Kingdom,1
Cooper,Kentucky,1
Adams,House,1
Arizona,U.S.,1
House,Johnson,1
Korea,Moore,1
Scotland,South,1
Kelly,Miami,1
Detroit,New York,1
Connecticut,York,1
England,Poland,1
Mary,Spain,1
Africa,Pacific,1
George,Jack,1
California,Johnson,1
Massachusetts,Parliament,1
Brown,China,1
Hamilton,William,1
Australia,Madonna,1
Earth,Kansas,1
Don,Los Angeles,1
England,Thomas,1
Rolling Stone,West,1
Britain,RAF,1
Don,Rihanna,1
Jack,Robert,1
Jordan,NY,1
Montreal,US,1
Cleveland,London,1
California,Phoenix,1
Colorado,Columbia,1
California,Kansas,1
Miami,US,1
Allies,Atlantic,1
Church,Hitler,1
Army,West,1
Army,Belgium,1
Commonwealth,Egypt,1
Bart,Parliament,1
David,Greece,1
England,Sullivan,1
China,John,1
John,Minnesota,1
@-@,Portugal,1
ABC,Disney,1
Nelson,Texas,1
Argentina,Atlantic,1
Malta,Yugoslavia,1
NHL,the United States,1
Davis,Paul,1
CBS,Canada,1
New Guinea,US,1
Britain,Moscow,1
Georgia,Tennessee,1
John,Norman,1
NFL,New York,1
Caribbean,John,1
Cleveland,Harry,1
Billboard,UK,1
Army,Queensland,1
United States,Vietnam,1
Cuba,NY,1
Paris,World Cup,1
Germany,NHL,1
Boston,Richard,1
Los Angeles,Texas,1
California,Illinois,1
Adams,Greece,1
Love,Rihanna,1
BC,Ireland,1
Asia,France,1
Germany,Manchester United,1
Davis,Giants,1
Africa,New Zealand,1
Los Angeles,Spears,1
Charles,World War I,1
Africa,the United States,1
Kelly,WWE,1
Iowa,Pacific,1
Army,Singapore,1
Bart,Nelson,1
New York City,Vancouver,1
Bush,House,1
Batman,Miller,1
Australia,Williams,1
California,Europe,1
Mars,Moon,1
BC,Indonesia,1
Colorado,south @-@,1
Belgium,Taylor,1
NATO,Norway,1
New England,York,1
David,Edward,1
@-@,the Supreme Court,1
Norfolk,US,1
Boston,Taylor,1
North America,Vancouver,1
ABC,Clark,1
Cleveland,Raw,1
Boston,Giants,1
Europe,Nielsen,1
Africa,World Cup,1
Detroit,Robinson,1
Mediterranean,South Africa,1
NATO,Sweden,1
Afghanistan,India,1
Austria,Moscow,1
Guardian,Rihanna,1
Oklahoma,Paul,1
Carter,Washington,1
China,Lee,1
Liverpool,Times,1
Chicago,Scotland,1
Chicago,US,1
BBC,Moon,1
Florida,North America,1
Dwight,Kelly,1
Paris,Philippines,1
Bond,Brazil,1
Lee,Maryland,1
India,Indonesia,1
NATO,the United States,1
England,Los Angeles,1
Miami,Michael,1
Giants,Minnesota,1
Stone,Stone,1
James,Los Angeles,1
England,Miami,1
Anne,Puerto Rico,1
Australia,Rolling Stone,1
U.S.,UN,1
Atlantic,India,1
Cleveland,New York City,1
@-@,NATO,1
Malaysia,Philippines,1
Clinton,State,1
Romania,Turkey,1
Hamilton,Montreal,1
England,South,1
Dublin,West Virginia,1
Paris,Puerto Rico,1
Boston,Liverpool,1
Alabama,Philadelphia,1
Martin,William,1
Indiana,Los Angeles,1
David,Ireland,1
David,James,1
NBA,Olympic,1
NASA,the United States,1
Paul,Russia,1
Australia,Nintendo,1
Caribbean,Disney,1
Mediterranean,New York,1
Boston,Virginia,1
Constitution,North Carolina,1
England,UK,1
Charles,Jim,1
Melbourne,Norman,1
ABC,New York City,1
World War II,Yugoslavia,1
State,West Virginia,1
Allied,Smith,1
@-@,Romania,1
North America,Philadelphia,1
Bruce,Colorado,1
Edinburgh,James,1
Alabama,California,1
Africa,Paris,1
RAAF,Raw,1
Turkey,the Middle East,1
Ireland,New Zealand,1
Manchester,south @-@,1
Madonna,Smith,1
Kentucky,Virginia,1
Canada,Nelson,1
MTV,New Orleans,1
Duke,Virginia,1
Allied,Egypt,1
Allied,Allied,1
Argentina,Madagascar,1
Carey,Columbia,1
Allied,Belgium,1
Indiana,Jackson,1
Jackson,Los Angeles,1
Chicago,Ohio,1
Melbourne,Queensland,1
Japan,U @-@,1
US,William,1
India,The New York Times,1
McCartney,Paul,1
Austria,Oxford,1
Egypt,Senate,1
Canada,Maryland,1
Tennessee,US,1
Canada,the Soviet Union,1
Cleveland,Joe,1
NHL,York,1
Argentina,India,1
Jr.,Kentucky,1
Atlanta,Lee,1
Italy,U.S.,1
Atlantic,Fox,1
Edinburgh,Elizabeth,1
Henry,Olympic,1
Jack,co @-@,1
South Carolina,north @-@,1
@-@,Malaysia,1
Beyoncé,Time,1
Navy,the Royal Navy,1
Congress,Oregon,1
Don,Jamaica,1
New Zealand,Wales,1
George,U.S.,1
Athens,Europe,1
Florida,Paul,1
New York,Ohio,1
France,Israel,1
Davis,Richmond,1
Adams,the United States,1
Charles,William,1
Don,London,1
Iowa,anti @-@,1
Massachusetts,Thomas,1
France,India,1
Don,Tennessee,1
Homer,Nielsen,1
California,the Supreme Court,1
Charles,Frank,1
Kentucky,Minnesota,1
Canterbury,Kent,1
Australia,Earth,1
Baltimore,Henry,1
America,mid @-@,1
BBC,the Second World War,1
Singapore,State,1
Dublin,New York City,1
San Francisco,Scott,1
Italy,South Africa,1
Kent,M @-@,1
United States,World War I,1
MD,Washington,1
Gordon,Vietnam,1
NY,New York City,1
Atlantic,Puerto Rico,1
NBC,Williams,1
Manchester,Somerset,1
Dublin,Rome,1
NATO,Portugal,1
Caribbean,Mediterranean,1
NATO,Washington,1
@-@,World Cup,1
Alabama,Michigan,1
Ohio,the United States,1
Britain,Malta,1
New York,the Supreme Court,1
Connecticut,World War II,1
Congress,Yugoslavia,1
Britain,New Zealand,1
Sydney,Texas,1
Jackson,Missouri,1
England,the Royal Navy,1
Romania,World Cup,1
Scotland,Spain,1
US,Wilson,1
Don,Scott,1
Hollywood,U.S.,1
Russia,South Korea,1
America,Cambridge,1
Hamilton,the United States,1
Rolling Stone,The A.V. Club,1
Texas,West,1
House,Ontario,1
Asia,Michael,1
Commonwealth,the United Kingdom,1
Australia,Malaysia,1
Allied,Philippines,1
Colorado,United States,1
Atlantic,west @-@,1
Liverpool,Phoenix,1
Marge,Rolling Stone,1
Brown,San Francisco,1
Court,Miller,1
Germany,Walter,1
Lincoln,Stone,1
Maryland,Robinson,1
Birmingham,Germany,1
Boeing,Washington,1
Ohio,the Supreme Court,1
Mississippi,Texas,1
Los Angeles,Seattle,1
Ross,Wilson,1
Madonna,Paris,1
Alaska,England,1
Brown,George,1
Croatia,Europe,1
Davis,Wales,1
Baltimore,Navy,1
Anderson,Missouri,1
Army,Ohio,1
North America,Virginia,1
Europe,Gibraltar,1
MTV,New York City,1
Europe,South Africa,1
California,Wright,1
Victoria,the United Kingdom,1
New England,Ohio,1
@-@,Brown,1
CBS,US,1
Great Britain,Switzerland,1
Confederate,Toronto,1
Maine,Michigan,1
NBA,Washington,1
Canada,Switzerland,1
MacArthur,US,1
Europe,Oxford,1
China,Pacific,1
Mediterranean,Smith,1
Edinburgh,Mary,1
Boston,Edwards,1
London,New York City,1
Georgia,Michigan,1
Allied,Massachusetts,1
Constantinople,Empire,1
Belgium,Edward,1
Europe,the Second World War,1
England,the Second World War,1
@-@,Billboard,1
Minnesota,Utah,1
Sweden,Switzerland,1
Illinois,Pennsylvania,1
Connecticut,Montreal,1
Italy,Yugoslavia,1
Texas,The New York Times,1
Belgium,World Cup,1
New Orleans,United States,1
Australia,Newcastle,1
Ford,North Carolina,1
Morris,Seattle,1
@-@,MTV,1
Anderson,Phoenix,1
Europe,Mexico,1
Mexico,NY,1
Homer,Olympic,1
Iowa,Ontario,1
MTV,Sweden,1
New York,Wisconsin,1
Connecticut,Roosevelt,1
New Zealand,co @-@,1
Harrison,Hollywood,1
Israel,New York,1
John,Jones,1
Carey,Guardian,1
Brown,UK,1
London,White,1
Finland,the Soviet Union,1
Jones,Leslie,1
Baltimore,Fox,1
Vancouver,non @-@,1
South,Washington,1
Atlantic,Canada,1
Chicago,Miller,1
Bush,New York,1
Edinburgh,Scott,1
Mediterranean,New York City,1
Caribbean,Germany,1
Finland,Olympics,1
America,Cooper,1
America,Sweden,1
New Jersey,North Carolina,1
Austria,Mexico,1
Illinois,Texas,1
Earth,Indonesia,1
Florida,Montreal,1
Brian,Moon,1
London,Ontario,1
France,Kent,1
FBI,Frank,1
Netherlands,RAF,1
Connecticut,US,1
Davis,Jones,1
Stone,the United States,1
Mary,Minnesota,1
Houston,NBA,1
Kentucky,Richmond,1
Manchester,Victoria,1
California,Chris,1
Denmark,Germany,1
Clark,Senate,1
Austria,Croatia,1
Austria,State,1
Harrison,Michigan,1
Boston,the Royal Navy,1
Illinois,Indiana,1
Mississippi,north @-@,1
the First World War,the United States,1
RAAF,Vietnam,1
Arizona,Ross,1
Europe,New York City,1
Anne,Jim,1
YouTube,YouTube,1
Bristol,Tennessee,1
Marge,the United States,1
Confederate,the United Kingdom,1
Beyoncé,Houston,1
House,Thomas,1
South Africa,World Cup,1
Madonna,McCartney,1
@-@,Utah,1
Adams,Europe,1
Charles,Kentucky,1
Broadway,U.S.,1
Morrison,US,1
China,West,1
M @-@,Ohio,1
Kentucky,South,1
Brown,Morris,1
Michigan,Norfolk,1
Berlin,Morrison,1
Chicago,Florida,1
@-@,Atlanta,1
Mexico,South Carolina,1
India,World War I,1
India,Russia,1
South Korea,Vietnam,1
Greece,Serbia,1
India,Malaysia,1
Georgia,Maryland,1
Olympic,World Cup,1
Parliament,Peter,1
NBC,Nielsen,1
Spain,anti @-@,1
Mexico,Michael,1
BBC,Mars,1
Los Angeles,Walter,1
Jordan,Jordan,1
US,White,1
RAF,Smith,1
Afghanistan,Army,1
Congress,India,1
North America,UK,1
New York,Ontario,1
Kennedy,NHL,1
Clark,England,1
Finn,Hawaii,1
Cyrus,Ohio,1
FBI,Hawaii,1
Denmark,UK,1
Asia,Athens,1
Netherlands,U @-@,1
House,Illinois,1
Kentucky,Paul,1
Dylan,England,1
Harrison,Mulder,1
Jones,Maryland,1
Gordon,Jack,1
Ireland,Norman,1
India,South America,1
Cleveland,Peter,1
Iowa,Oklahoma,1
Oxford,Smith,1
Brazil,Europe,1
Cuba,Great Britain,1
Duke,London,1
Norman,Spears,1
Obama,State,1
Australia,Phoenix,1
California,Iowa,1
Gaga,West,1
Elizabeth,Henry,1
Empire,Italy,1
John,Oxford,1
Moore,North Carolina,1
India,West,1
Allies,Poland,1
Lewis,Quebec,1
BBC,Nintendo,1
Pacific,Roosevelt,1
Maine,Richmond,1
Florida,Spain,1
Iraq,Israel,1
MLB,New York,1
Army,Brown,1
Australia,Hamilton,1
RAF,South Africa,1
Minnesota,NHL,1
Detroit,Washington,1
Britain,Fleming,1
Murphy,Peter,1
Duke,US,1
Elizabeth,Netherlands,1
France,North America,1
Jack,Tom,1
Cambridge,Richmond,1
Alexander,Cooper,1
Italy,anti @-@,1
Florida,Kansas,1
England,Mediterranean,1
China,co @-@,1
State,Wilson,1
Army,Obama,1
George,Yankees,1
Carey,MTV,1
Africa,Allied,1
Ireland,Japan,1
Lee,Morrison,1
Billboard,the United Kingdom,1
Victoria,Wilson,1
Clinton,M @-@,1
Frank,Kennedy,1
Asia,Hong Kong,1
U @-@,the First World War,1
Philadelphia,Scully,1
@-@,Cambridge,1
@-@,Henry,1
London,Robert,1
State,the United Kingdom,1
Atlantic,US,1
House,Hungary,1
Netherlands,Paris,1
Caribbean,Harrison,1
Normandy,the Second World War,1
David,Miller,1
Bond,Parker,1
North America,Utah,1
Duke,West Virginia,1
Earl,Lincoln,1
Martin,Spears,1
Clark,Clinton,1
Obama,the United States,1
Poland,south @-@,1
Frank,Mary,1
Commonwealth,Confederate,1
Canada,England,1
Arizona,State,1
Senate,Washington,1
Atlanta,Chicago,1
England,Paris,1
Jack,Massachusetts,1
Atlantic,Cuba,1
Melbourne,New South Wales,1
Alexander,Norway,1
Egypt,Melbourne,1
Ireland,Ohio,1
San Francisco,U.S.,1
Elizabeth,US,1
Europe,Norman,1
New York,Sweden,1
Kentucky,State,1
Jr.,Robinson,1
Syria,U.S.,1
Lewis,Rihanna,1
Richmond,Wright,1
Miller,US,1
Commonwealth,Pacific,1
Egypt,Indiana,1
Canada,Edinburgh,1
Harry,Jr.,1
Madonna,Spears,1
Houston,Seattle,1
Kansas,Louisiana,1
Kelly,the United States,1
Bristol,Grant,1
Jordan,New York,1
James,Spain,1
Elizabeth,Peter,1
Elizabeth,Stephen,1
State,Taylor,1
Gilbert,New South Wales,1
Jones,Los Angeles,1
France,co @-@,1
Israel,Sweden,1
Netherlands,Sweden,1
Italy,Peter,1
Bond,Turkey,1
Edwards,Great Britain,1
Pacific,Singapore,1
Missouri,Ohio,1
Tennessee,Washington,1
Murray,Russia,1
Georgia,Jupiter,1
Don,Germany,1
Frank,the United States,1
@-@,Hill,1
Singapore,Tokyo,1
House,Massachusetts,1
Elizabeth,Scotland,1
David,Michael,1
Germany,World Cup,1
John,Thomas,1
Maine,Quebec,1
Pennsylvania,Texas,1
@-@,Bradman,1
Alaska,Vancouver,1
Columbia,Connecticut,1
London,NFL,1
France,New Zealand,1
Bond,Hamilton,1
Great Britain,Olympic,1
Moore,Virginia,1
Billboard,Europe,1
NATO,Pakistan,1
Denmark,Miller,1
Congress,Poland,1
Carey,co @-@,1
Georgia,Pennsylvania,1
Duke,Somerset,1
Anderson,Murray,1
Boston,United States,1
Cooper,Kennedy,1
Norman,south @-@,1
Nielsen,US,1
America,Edwards,1
Hong Kong,Rome,1
California,Robert,1
David,London,1
Greece,Lennon,1
Beyoncé,UK,1
Miller,Queensland,1
Korea,South Korea,1
Andy,George,1
South America,Yugoslavia,1
Canterbury,US,1
Philadelphia,Senate,1
Maine,Paris,1
New Zealand,Scotland,1
Carter,Entertainment Weekly,1
Georgia,Henry,1
Egypt,Sun,1
Pacific,Vietnam,1
Europe,Miller,1
Commonwealth,US,1
Constitution,Paul,1
Denmark,Finland,1
Utah,the Royal Navy,1
Charles,Poland,1
Switzerland,US,1
Lee,South Carolina,1
Adams,Carter,1
Brown,Mississippi,1
Kansas,the United States,1
Commonwealth,Europe,1
Melbourne,New York,1
Canada,Mexico,1
Victoria,the Second World War,1
Birmingham,Bristol,1
Bush,Los Angeles,1
Hamilton,Kentucky,1
Carey,Entertainment Weekly,1
Harry,James,1
Don,Wilson,1
Egypt,Korea,1
Netherlands,Yugoslavia,1
Moore,New York,1
Parliament,US,1
Mexico,Paul,1
@-@,Minnesota,1
Pennsylvania,Tennessee,1
France,Ohio,1
Ford,Georgia,1
Europe,Washington,1
NBA,NHL,1
@-@,Hungary,1
Bush,Iowa,1
Ireland,Rome,1
Korea,the Soviet Union,1
Homer,the United States,1
Victoria,WWE,1
Robinson,Smith,1
Boston,England,1
Brown,The New York Times,1
Barcelona,Sydney,1
California,Morris,1
Roosevelt,Smith,1
four @-@,the United States,1
Earth,Harrison,1
New York,West,1
Hill,The New York Times,1
David,Mary,1
@-@,Don,1
Canterbury,Henry,1
McCartney,US,1
Earth,Mexico,1
@-@,San Francisco,1
Africa,mid @-@,1
America,Cleveland,1
Great Britain,Japan,1
@-@,Indiana,1
Taylor,World War II,1
Norway,the United States,1
Harrison,Jack,1
U.S.,William,1
Brian,Maryland,1
Cleveland,Time,1
Egypt,Greece,1
Hawaii,Japan,1
Times,UK,1
John,Wright,1
Chicago,Vancouver,1
ABC,Nielsen,1
Hitler,Normandy,1
Belgium,England,1
Henry,Kent,1
New York,Simpsons,1
Iowa,Obama,1
Carter,Guardian,1
Africa,Mexico,1
Africa,Scully,1
Greece,World War I,1
Cambridge,John,1
England,Moore,1
America,Jr.,1
Johnson,Williams,1
Madonna,the United Kingdom,1
Madonna,U.S.,1
South Africa,US,1
Navy,U @-@,1
Allies,Turkey,1
Elizabeth,co @-@,1
Connecticut,Virginia Tech,1
Los Angeles,Minnesota,1
America,Peter,1
Indonesia,Portugal,1
New York,Texas,1
Mexico,Spain,1
@-@,Liz,1
California,Chicago,1
Wright,non @-@,1
Moon,U.S.,1
Mulder,the United States,1
Africa,Caribbean,1
United States,west @-@,1
Australia,Robinson,1
Florida,Michigan,1
@-@,Martin,1
Commonwealth,World War II,1
Mary,World War II,1
Iowa,Lincoln,1
Edwards,Mexico,1
BC,BC,1
Morrison,NHL,1
Miami,Morrison,1
Carter,FBI,1
Mediterranean,World War II,1
Japan,UK,1
Brown,Montreal,1
Dylan,Montreal,1
India,the Middle East,1
Asia,the United States,1
Maryland,New York City,1
Alice,Seattle,1
Dublin,Moore,1
Carey,Rolling Stone,1
Pennsylvania,Virginia,1
Norfolk,Richmond,1
Washington,co @-@,1
Taylor,Yankees,1
co @-@,the Second World War,1
Confederate,Virginia,1
Broadway,Finn,1
France,south @-@,1
John,Miami,1
Clinton,Manhattan,1
England,India,1
Adams,Senate,1
Kentucky,Mississippi,1
Hungary,the Second World War,1
Canada,South Africa,1
Constitution,the Supreme Court,1
Bruce,Chelsea,1
Cyrus,James,1
Charles,Paris,1
Hawaii,North America,1
Great Britain,Singapore,1
Grant,Utah,1
@-@,Hawaii,1
@-@,Spain,1
Andy,Chris,1
Duke,Walter,1
Gaga,the United Kingdom,1
Africa,Korea,1
Missouri,Tokyo,1
Detroit,Madonna,1
George,Homer,1
Australia,U @-@,1
M @-@,NATO,1
Paris,the First World War,1
New York City,Olympic,1
Australia,Philippines,1
California,Italy,1
Mary,Thomas,1
Bruce,Jones,1
Maine,the United States,1
Boston,Los Angeles,1
Carter,Wisconsin,1
Beyoncé,U.S.,1
Caribbean,US,1
Ford,Iraq,1
Iowa,Missouri,1
Hong Kong,US,1
Olympics,Puerto Rico,1
Oregon,State,1
America,Great Britain,1
MD,West Virginia,1
Parliament,the United Kingdom,1
Allies,the Middle East,1
Maine,South Carolina,1
America,India,1
China,D.C.,1
Houston,NFL,1
San Francisco,Utah,1
@-@,Lennon,1
London,William,1
Jordan,north @-@,1
Louisiana,Simpsons,1
Australia,west @-@,1
Rihanna,the United Kingdom,1
Michigan,Oregon,1
NATO,the United Kingdom,1
San Francisco,four @-@,1
Church,Poland,1
Constantinople,Serbia,1
Bristol,Bristol,1
Detroit,Tokyo,1
New York,Tom,1
Broadway,George,1
France,Hong Kong,1
Lewis,Los Angeles,1
MacArthur,New Guinea,1
Jackson,Williams,1
MacArthur,Netherlands,1
Arizona,Ohio,1
India,New England,1
Europe,Liverpool,1
@-@,Anderson,1
Britain,Korea,1
Smith,Thompson,1
California,Virginia Tech,1
York,four @-@,1
@-@,Tokyo,1
Congress,Minnesota,1
Duke,Sydney,1
Guardian,West,1
Indonesia,co @-@,1
Afghanistan,Egypt,1
@-@,Rome,1
Alexander,Athens,1
Malta,NATO,1
Atlantic,D.C.,1
Egypt,Jerusalem,1
NBA,NFL,1
Nixon,Paris,1
Army,Harry,1
Iraq,the United States,1
MD,north @-@,1
Britain,RAAF,1
Constantinople,Paul,1
Grant,Parliament,1
George,co @-@,1
NFL,Tech,1
Anne,Netherlands,1
@-@,Charles,1
Beyoncé,London,1
Croatia,Greece,1
New Jersey,the United States,1
Raw,mid @-@,1
Florida,Jupiter,1
Alexander,Jerusalem,1
Frank,co @-@,1
Brian,Europe,1
Egypt,the United States,1
Birmingham,Clark,1
Brown,California,1
Don,Love,1
Grant,New England,1
Martin,four @-@,1
Europe,Martin,1
@-@,FBI,1
Britain,William,1
Allies,the United States,1
England,World War II,1
Rachel,Sam,1
BC,London,1
Egypt,Peter,1
Gilbert,World War II,1
India,Lennon,1
America,Ohio,1
Minnesota,U.S.,1
Phoenix,Wright,1
Michael,Rolling Stone,1
Cooper,Rome,1
@-@,Mississippi,1
Canada,Caribbean,1
Kent,Robert,1
California,Ontario,1
New Guinea,Tokyo,1
Indiana,Stone,1
Johnson,Philadelphia,1
David,Stephen,1
Anderson,WWE,1
Hill,Hill,1
Evans,Pennsylvania,1
Arsenal,England,1
Georgia,South Carolina,1
@-@,Congress,1
Thomas,World War II,1
@-@,BBC,1
Alaska,Pacific,1
America,London,1
NBC,New York City,1
Georgia,Nelson,1
Jerusalem,the United States,1
Cambridge,the United Kingdom,1
Alexander,Yankees,1
Russia,State,1
Iran,U.S.,1
Earth,Simpsons,1
@-@,Walter,1
Grant,Tennessee,1
House,Kentucky,1
@-@,Lee,1
Africa,Germany,1
Atlantic,Philadelphia,1
ABC,Congress,1
@-@,Michigan,1
London,Toronto,1
US,the Middle East,1
Canada,Norway,1
D.C.,Michael,1
Lennon,London,1
South Korea,UN,1
England,Victoria,1
Moon,the United States,1
Germany,the Royal Navy,1
Los Angeles,Yankees,1
Alexander,Yugoslavia,1
U.S.,non @-@,1
Korea,Singapore,1
Gordon,Pennsylvania,1
Poland,Senate,1
Netherlands,Portugal,1
Kentucky,Manchester,1
Bush,Maryland,1
Lee,Morris,1
Moore,Washington,1
Nixon,the United States,1
Congress,Philadelphia,1
Rome,the United States,1
NBA,Parker,1
Britain,U.S.,1
Arizona,New York,1
Edinburgh,Italy,1
Brown,Miller,1
Germany,Romania,1
California,Evans,1
Dwight,Wilson,1
Australia,Caribbean,1
Madonna,four @-@,1
Washington,White,1
Kentucky,Martin,1
Ireland,Peter,1
England,Rihanna,1
Evans,U.S.,1
Michigan,South,1
Ford,NFL,1
Maryland,NASA,1
United States,Utah,1
Murray,Smith,1
Scott,UK,1
Kennedy,Manchester,1
Atlanta,North America,1
Liverpool,the Second World War,1
U @-@,the United States,1
@-@,U @-@,1
Oklahoma,United States,1
U.S.,the Supreme Court,1
Chicago,FBI,1
Detroit,Mexico,1
England,Taylor,1
Paul,Senate,1
Hamilton,Maryland,1
MacArthur,Roosevelt,1
Lewis,Williams,1
Jamaica,Mexico,1
Army,Confederate,1
Harrison,Philippines,1
America,The New York Times,1
Evans,Evans,1
@-@,Entertainment Weekly,1
Pacific,World War II,1
Adams,Florida,1
Boston,co @-@,1
Cyrus,Disney,1
Virginia,Wilson,1
Britain,Massachusetts,1
Ireland,North Carolina,1
Egypt,the First World War,1
Ireland,World Cup,1
Disney,Thomas,1
Michael,Poland,1
United States,north @-@,1
@-@,Greece,1
Great Britain,World War II,1
Allied,Portland,1
Argentina,World Cup,1
Belgium,World War I,1
Jr.,North America,1
Dean,West,1
Giants,Philadelphia,1
Cleveland,Miami,1
John,Jr.,1
CBS,Jackson,1
Chicago,Israel,1
Chicago,Columbia,1
Hungary,the United Kingdom,1
Billboard,Chicago,1
Anne,Ireland,1
Harrison,US,1
Atlantic,David,1
Evans,Wales,1
Asia,John,1
White,World War II,1
America,CBS,1
Grant,Scotland,1
Seattle,the United States,1
Atlanta,Los Angeles,1
Colorado,North America,1
NBC,YouTube,1
Massachusetts,the First World War,1
Fox,United States,1
Atlanta,Florida,1
Georgia,Kentucky,1
UN,the United States,1
Alabama,Houston,1
Chicago,Richmond,1
State,Wales,1
North Carolina,Virginia Tech,1
Alabama,Lee,1
Pakistan,State,1
Don,New York,1
Japan,mid @-@,1
Fleming,The New York Times,1
Egypt,Turkey,1
Brown,NFL,1
Dean,Spears,1
Indiana,Pennsylvania,1
Los Angeles,San Francisco,1
San Francisco,non @-@,1
Fox,Indiana,1
Commonwealth,Edward,1
Olympics,the Second World War,1
Earth,Peter,1
North America,Spain,1
Atlantic,Virginia,1
France,Wright,1
Greece,Israel,1
Cyrus,Fox,1
U.S.,World Cup,1
David,FBI,1
Bristol,UK,1
Boston,Phoenix,1
Miller,Morris,1
Mary,Michael,1
Arsenal,Barcelona,1
Chicago,Henry,1
Great Britain,Senate,1
Caribbean,Cuba,1
Atlantic,United States,1
Alabama,Nixon,1
Connecticut,South Carolina,1
Los Angeles,Paul,1
Boston,Church,1
Grant,Navy,1
Chicago,William,1
Grant,Washington,1
Baltimore,Kelly,1
Oklahoma,Washington,1
Congress,Smith,1
Army,Grant,1
Earl,State,1
Carter,the United Kingdom,1
Netherlands,Poland,1
Romania,Serbia,1
John,Tom,1
Constantinople,Peter,1
Olympics,Russia,1
England,Smith,1
Grant,Lee,1
Newcastle,York,1
Iraq,Italy,1
John,Normandy,1
Brazil,Jackson,1
Chicago,Rihanna,1
California,Caribbean,1
Europe,New Jersey,1
Entertainment Weekly,Rolling Stone,1
Dylan,US,1
Dwight,Jamaica,1
Gilbert,Normandy,1
Bush,Iran,1
Minnesota,Scott,1
Oxford,Richard,1
Allied,UK,1
Ohio,South Carolina,1
Olympics,UK,1
Army,Kansas,1
@-@,Hollywood,1
Maine,Maryland,1
Atlanta,United States,1
England,Hungary,1
Johnson,West Virginia,1
America,four @-@,1
Olympic,Sydney,1
Canada,New York City,1
Norway,co @-@,1
Europe,Jesus,1
Scott,South Carolina,1
London,UN,1
Brazil,Puerto Rico,1
Brian,Canada,1
Carey,NY,1
@-@,YouTube,1
New York,Switzerland,1
Allied,Pacific,1
Boston,Ohio,1
Guardian,Stone,1
House,Jackson,1
Florida,WWE,1
Andy,Robert,1
Africa,China,1
Nixon,San Francisco,1
Alexander,Lee,1
Australia,Oxford,1
Kennedy,Washington,1
George,India,1
Don,Scully,1
Europe,Philadelphia,1
New Jersey,Philadelphia,1
China,Moscow,1
Pennsylvania,Richmond,1
England,Williams,1
John,Massachusetts,1
Liverpool,Yugoslavia,1
Germany,Rome,1
Earl,Norfolk,1
Cooper,the United States,1
Japan,United States,1
Chicago,Cleveland,1
Edward,Henry,1
Britain,Norman,1
Iraq,Jordan,1
Murphy,Texas,1
Miami,New York,1
Australia,Constitution,1
Indiana,James,1
Queensland,Queensland,1
Commonwealth,Portugal,1
Asia,Mexico,1
Israel,non @-@,1
Ireland,Romania,1
Portland,U.S.,1
Australia,M @-@,1
@-@,Empire,1
Montreal,Victoria,1
Asia,Mediterranean,1
Australia,NBA,1
Leslie,Paul,1
China,UK,1
Italy,World War II,1
Africa,Madagascar,1
Duke,the United States,1
Australia,Maine,1
Finland,Greece,1
the Middle East,the Second World War,1
Constitution,U.S.,1
U.S.,co @-@,1
Hamilton,Mary,1
America,San Francisco,1
Evans,Hill,1
Grant,Mississippi,1
America,Japan,1
Alabama,Ohio,1
Europe,Rome,1
Giants,Jones,1
Oxford,the Second World War,1
South Korea,United States,1
France,Smith,1
Beyoncé,Harrison,1
Caribbean,Mexico,1
Missouri,New Jersey,1
NY,Pennsylvania,1
Lee,Love,1
Boeing,Bristol,1
Michael,co @-@,1
Cleveland,State,1
Moscow,Vancouver,1
Olympic,non @-@,1
Alaska,U.S.,1
Mars,Nielsen,1
Carter,Duke,1
James,Love,1
Illinois,Washington,1
Bush,Michigan,1
Elizabeth,Paris,1
@-@,four @-@,1
James,Miami,1
Homer,Japan,1
Ireland,John,1
Morris,New Zealand,1
Europe,Hungary,1
BBC,Times,1
Edwards,Johnson,1
Cuba,US,1
England,Robert,1
America,Thomas,1
Boeing,New York,1
Army,Manhattan,1
Ohio,Texas,1
Indiana,Kennedy,1
Serbia,World War II,1
Dean,Utah,1
Duke,Nelson,1
Congress,Kansas,1
Constantinople,Europe,1
UK,the United Kingdom,1
Germany,Richard,1
North America,the United States,1
Hamilton,the Supreme Court,1
America,Puerto Rico,1
NATO,Switzerland,1
Egypt,William,1
@-@,Phoenix,1
Great Britain,the United Kingdom,1
Fleming,Tokyo,1
@-@,Jr.,1
Henry,White,1
Illinois,Virginia,1
MTV,Mexico,1
Britain,New England,1
Africa,the United Kingdom,1
NFL,U.S.,1
Jackson,Korea,1
Africa,South America,1
Paul,the Second World War,1
Davis,U.S.,1
Massachusetts,south @-@,1
Boston,George,1
MTV,Michael,1
ABC,Miller,1
Jack,New Zealand,1
Elizabeth,Spain,1
Britain,Pennsylvania,1
Mediterranean,World War I,1
Olympic,U @-@,1
Iowa,Norfolk,1
Carter,Paris,1
Canada,Tennessee,1
Alabama,Atlanta,1
Ireland,Liverpool,1
Brown,France,1
Liz,NBC,1
Kennedy,Obama,1
Asia,Canada,1
Elizabeth,Hill,1
Greece,Ireland,1
Harrison,Peter,1
@-@,Rihanna,1
Sydney,Williams,1
Europe,Jr.,1
Cuba,MLB,1
Arizona,anti @-@,1
Spain,Yorkshire,1
Billboard,Entertainment Weekly,1
Maine,Norway,1
Jordan,Thomas,1
Carey,US,1
Japan,Massachusetts,1
Greece,Hungary,1
New England,William,1
Columbia,Tennessee,1
Moscow,Sweden,1
Florida,Fox,1
Charles,Netherlands,1
NFL,NHL,1
Peter,Rachel,1
New South Wales,Newcastle,1
Chicago,Philadelphia,1
Georgia,Moscow,1
France,the Second World War,1
Allied,Queensland,1
John,Serbia,1
Jones,Jr.,1
America,Sega,1
Austria,Duke,1
China,Paris,1
Georgia,Iran,1
Cleveland,Detroit,1
California,West Virginia,1
Ireland,South Africa,1
Harrison,Johnson,1
Chicago,New York City,1
Missouri,U.S.,1
Broadway,New York,1
New York,Senate,1
New Zealand,Sweden,1
Afghanistan,Iran,1
Congress,Harrison,1
Lincoln,Sam,1
New Zealand,Queensland,1
Illinois,Lee,1
Austria,Great Britain,1
Nielsen,Nielsen,1
Canada,Los Angeles,1
Cooper,Oxford,1
Austria,World Cup,1
@-@,Boeing,1
Army,the United States,1
Commonwealth,Pakistan,1
Louisiana,Maine,1
Bush,Time,1
Olympics,U.S.,1
Edward,Parliament,1
@-@,Vancouver,1
Lewis,the United Kingdom,1
Europe,West,1
Romania,World War II,1
Duke,Rome,1
Taylor,the Royal Navy,1
Brown,Bruce,1
Cuba,Mexico,1
Massachusetts,Senate,1
Argentina,Italy,1
Great Britain,Hong Kong,1
New Zealand,the Middle East,1
Michael,New York City,1
Grant,Ross,1
Afghanistan,Canada,1
Indiana,Madonna,1
Martin,McCartney,1
Jackson,Washington,1
Britain,Parliament,1
Belgium,Brazil,1
Belgium,Japan,1
Illinois,World War II,1
Hill,Robinson,1
Germany,Moore,1
Gaga,New Jersey,1
Cleveland,Portland,1
California,Cyrus,1
Kentucky,North Carolina,1
Syria,the Middle East,1
Japan,Los Angeles,1
@-@,Dublin,1
Montreal,non @-@,1
Ireland,Singapore,1
Jim,Jones,1
Australia,Brazil,1
Georgia,Mississippi,1
Massachusetts,Toronto,1
Anderson,NBC,1
San Francisco,the United States,1
Korea,Russia,1
Denmark,U @-@,1
IGN,Rachel,1
Napoleon,Poland,1
Alice,France,1
Britain,Great Britain,1
Madonna,YouTube,1
India,New York,1
Victoria,York,1
Chicago,Portland,1
Australia,Wales,1
Britain,Grant,1
Army,New Orleans,1
Lewis,Scott,1
Israel,Lisa,1
Joe,North America,1
California,London,1
Lisa,Senate,1
Hamilton,Russia,1
Mary,Robert,1
Alabama,Wisconsin,1
Manchester,the United Kingdom,1
Clark,Mediterranean,1
Lee,Rolling Stone,1
Simpsons,United States,1
Florida,New York,1
Alabama,the United States,1
David,Earl,1
Normandy,Paris,1
Anderson,Russia,1
Ford,Ford,1
Kennedy,Nixon,1
Martin,Wales,1
Allied,Croatia,1
Anderson,Birmingham,1
South Africa,Spain,1
Nelson,New Zealand,1
America,United States,1
Bruce,John,1
England,Portugal,1
FBI,Nixon,1
Parliament,Richmond,1
Cambridge,York,1
Morris,Roosevelt,1
France,Johnson,1
Charles,Church,1
New England,South Carolina,1
D.C.,Edwards,1
Georgia,North Carolina,1
Boston,California,1
@-@,Scott,1
Michael,NBC,1
Alexander,White,1
Lincoln,US,1
Duke,York,1
Norfolk,U.S.,1
Germany,William,1
Stone,non @-@,1
Harrison,Wright,1
Barcelona,Liverpool,1
Henry,Tennessee,1
Clinton,Washington,1
Britain,Johnson,1
McCartney,Yorkshire,1
Greece,World Cup,1
Caribbean,Missouri,1
Canada,Thompson,1
Poland,World War I,1
Massachusetts,South America,1
Cambridge,Ontario,1
Edinburgh,New Zealand,1
New York,Newcastle,1
D.C.,the United States,1
Austria,Sweden,1
Russia,Shakespeare,1
Fleming,Sun,1
England,Richmond,1
Montreal,Wright,1
Brown,New York,1
Commonwealth,France,1
Bush,Illinois,1
Olympics,the United Kingdom,1
M @-@,four @-@,1
Hill,Melbourne,1
France,Normandy,1
Murray,Roosevelt,1
Congress,Iowa,1
@-@,America,1
Jr.,Michigan,1
Rolling Stone,Williams,1
Israel,Turkey,1
Europe,Hitler,1
Hollywood,Stone,1
San Francisco,Singapore,1
Adams,Massachusetts,1
Allied,India,1
Indonesia,Singapore,1
Nintendo,co @-@,1
NBC,Sydney,1
Malaysia,Vietnam,1
Canada,the First World War,1
Asia,Tokyo,1
Great Britain,North America,1
Miller,Miller,1
Boston,north @-@,1
Mars,Montreal,1
Bart,France,1
Jamaica,Norway,1
Allied,Commonwealth,1
Maryland,Puerto Rico,1
Broadway,US,1
Adams,Sam,1
Bond,Ireland,1
Adams,Davis,1
Miller,RAAF,1
@-@,Mars,1
Carter,Toronto,1
Navy,Philippines,1
D.C.,Virginia,1
Romania,Victoria,1
Toronto,Vancouver,1
Bristol,the Second World War,1
FBI,Michael,1
Colorado,New York City,1
Spain,U.S.,1
Homer,Shakespeare,1
Austria,the Royal Navy,1
California,Wilson,1
BBC,Scott,1
Brazil,Netherlands,1
Paris,World War II,1
Peter,the United States,1
Berlin,Thompson,1
Liz,New York,1
Arizona,Seattle,1
New South Wales,Sydney,1
@-@,Parker,1
Earl,Norway,1
Yorkshire,the United Kingdom,1
William,Yorkshire,1
Berlin,RAF,1
Jack,Richard,1
Johnson,Kennedy,1
Kelly,Victoria,1
Henry,Hungary,1
Army,Raw,1
Israel,New Orleans,1
Missouri,The New York Times,1
Dean,Tom,1
John,Paris,1
Cleveland,South Carolina,1
Canada,Congress,1
John,Sam,1
Australia,the First World War,1
England,Wright,1
Allied,Asia,1
Army,MacArthur,1
Love,Miller,1
Austria,Yugoslavia,1
Ohio,Utah,1
Bond,Nixon,1
Alexander,Henry,1
Israel,U.S.,1
Evans,the United States,1
Oregon,Scully,1
James,Wright,1
Jack,Mary,1
@-@,MLB,1
BBC,Hamilton,1
Moon,Sun,1
James,Virginia,1
Allied,Netherlands,1
Britain,Norway,1
Chicago,Rolling Stone,1
Bruce,World War II,1
San Francisco,Tokyo,1
George,Massachusetts,1
Caribbean,France,1
Baltimore,Los Angeles,1
Cuba,Detroit,1
Bond,the Soviet Union,1
Caribbean,Toronto,1
Evans,Washington,1
Somerset,Washington,1
England,World War I,1
Austria,London,1
Navy,South Carolina,1
Canterbury,Mary,1
Finland,France,1
Australia,Austria,1
Germany,West Virginia,1
Iowa,Oregon,1
Anderson,Michigan,1
Henry,John,1
MTV,UK,1
London,Poland,1
Australia,Love,1
BC,Scotland,1
California,Columbia,1
Henry,Parliament,1
Miami,Scott,1
Hollywood,Pennsylvania,1
CBS,China,1
Cleveland,Los Angeles,1
Tennessee,co @-@,1
State,Vancouver,1
California,New York City,1
Ross,the United States,1
Denmark,Spain,1
Edwards,NFL,1
Austria,New Zealand,1
Allied,Britain,1
Murray,Tokyo,1
Egypt,Malaysia,1
Boston,FBI,1
Columbia,the United States,1
McCartney,Peter,1
Davis,Mississippi,1
York,Yorkshire,1
Canada,Somerset,1
Arizona,Mexico,1
Hamilton,Washington,1
Olympics,U @-@,1
IGN,Texas,1
Alabama,New York City,1
Murray,Parliament,1
Africa,Earth,1
Cyrus,Europe,1
Lincoln,Sydney,1
Harry,Montreal,1
Earth,Senate,1
NASA,Navy,1
Malta,Nelson,1
France,Georgia,1
Malaysia,Russia,1
London,Simpsons,1
Singapore,U.S.,1
Bruce,Scotland,1
Brown,Don,1
Carey,the United Kingdom,1
@-@,RAF,1
Maryland,Oklahoma,1
Jack,Navy,1
Adams,Dean,1
New York City,Ohio,1
Allied,Serbia,1
London,Norway,1
mid @-@,the United States,1
Alexander,Cyrus,1
Connecticut,Philadelphia,1
Belgium,Israel,1
Japan,Smith,1
Morris,Sydney,1
Confederate,Massachusetts,1
Caribbean,non @-@,1
Jackson,Johnson,1
Miller,NBA,1
Illinois,Paris,1
Georgia,Virginia,1
ABC,Spears,1
California,Texas,1
Los Angeles,NHL,1
Homer,Martin,1
Egypt,Jordan,1
Egypt,Malta,1
Peter,Sam,1
Alabama,Texas,1
Manhattan,Michael,1
Henry,World War II,1
Korea,RAAF,1
Anderson,Moore,1
RAAF,UK,1
New York,anti @-@,1
Scotland,Somerset,1
Israel,Poland,1
Jones,Smith,1
Gilbert,co @-@,1
Canterbury,Church,1
Somerset,the United Kingdom,1
MTV,The New York Times,1
China,London,1
Don,Harrison,1
Allies,Constantinople,1
Indiana,South,1
Jerusalem,Maine,1
BBC,Brazil,1
Lee,Robinson,1
Bruce,Texas,1
Confederate,Lincoln,1
Israel,The New York Times,1
California,Kentucky,1
Atlanta,New York City,1
Entertainment Weekly,Williams,1
Henry,Paris,1
Australia,Jim,1
England,North America,1
Edward,Germany,1
RAF,the Royal Navy,1
America,New England,1
Normandy,Stephen,1
Brazil,India,1
Romania,Russia,1
Broadway,Philadelphia,1
Germany,Israel,1
Iraq,UK,1
Colorado,Detroit,1
Kennedy,Senate,1
West Virginia,the Supreme Court,1
Russia,West,1
America,Canada,1
Bond,New York City,1
Alabama,the Soviet Union,1
Constitution,France,1
NHL,Russia,1
Sydney,US,1
Australia,Korea,1
Congress,New England,1
Dean,Rihanna,1
Anne,Church,1
France,Turkey,1
Alabama,the United Kingdom,1
Cambridge,Harry,1
France,non @-@,1
Madonna,mid @-@,1
Korea,Lisa,1
Greece,New York,1
Great Britain,Los Angeles,1
NHL,Sweden,1
Canada,Kentucky,1
Japan,west @-@,1
Ireland,Malta,1
New England,North Carolina,1
@-@,Ford,1
Anderson,Morrison,1
MacArthur,Tokyo,1
France,UN,1
Berlin,Wales,1
Italy,Romania,1
Australia,Thomas,1
San Francisco,Washington,1
Birmingham,Pakistan,1
Connecticut,Joe,1
Korea,San Francisco,1
House,State,1
Melbourne,Pakistan,1
RAAF,U.S.,1
@-@,Illinois,1
California,Congress,1
France,the First World War,1
Portland,Simpsons,1
Afghanistan,Puerto Rico,1
New York City,Russia,1
Argentina,US,1
NATO,U.S.,1
FBI,James,1
Athens,Atlanta,1
Cleveland,US,1
Indiana,Ontario,1
Walter,William,1
Kansas,Manhattan,1
Georgia,Poland,1
Chelsea,Victoria,1
Asia,BC,1
Brown,New York City,1
Atlantic,the United Kingdom,1
@-@,Jackson,1
Lincoln,Richard,1
Canada,Philadelphia,1
London,Martin,1
House,New York,1
Allies,Paris,1
Beyoncé,the United Kingdom,1
Beyoncé,YouTube,1
Don,Jackson,1
Michigan,State,1
Homer,Kennedy,1
Boston,Kennedy,1
Miller,U.S.,1
Stephen,Virginia,1
Bruce,the Supreme Court,1
Alabama,U.S.,1
Philippines,World War II,1
MacArthur,the United States,1
Alexander,Scott,1
New Zealand,non @-@,1
Tokyo,co @-@,1
South Carolina,U.S.,1
Giants,MLB,1
Spain,US,1
Boeing,Singapore,1
Boston,Parliament,1
Clark,M @-@,1
Earl,Mary,1
Beyoncé,Broadway,1
Michael,Peter,1
America,Russia,1
Georgia,Mary,1
Anderson,Simpsons,1
IGN,non @-@,1
Portland,White,1
New Jersey,Toronto,1
Canterbury,Thomas,1
Lincoln,Minnesota,1
Andy,New York City,1
Clark,Vietnam,1
New Jersey,Scully,1
Turkey,non @-@,1
Britain,Liverpool,1
Cooper,India,1
Jackson,Yankees,1
@-@,Massachusetts,1
London,Raw,1
Giants,Ross,1
Bond,Moore,1
Allied,World War II,1
Bruce,Thomas,1
Birmingham,Murphy,1
Ohio,Roosevelt,1
Puerto Rico,north @-@,1
Florida,Washington,1
England,George,1
Jamaica,London,1
Ross,Texas,1
North Carolina,Texas,1
Bradman,London,1
Adams,Maryland,1
Atlantic,Wisconsin,1
Los Angeles,Wright,1
Disney,Shakespeare,1
Finland,Netherlands,1
Court,U.S.,1
America,Army,1
Puerto Rico,US,1
Egypt,Germany,1
Edwards,Taylor,1
Arsenal,Japan,1
Commonwealth,Massachusetts,1
Martin,Michael,1
Brian,Manhattan,1
Brown,Kentucky,1
Gilbert,Sydney,1
New York City,Spears,1
Croatia,NATO,1
California,Indiana,1
Broadway,NY,1
Clark,Ross,1
Peter,the Soviet Union,1
Louisiana,South Africa,1
Jack,mid @-@,1
Beyoncé,Mary,1
New Guinea,World War II,1
Kelly,London,1
Elizabeth,Maryland,1
Germany,Madagascar,1
Great Britain,Paris,1
Batman,the United Kingdom,1
Baltimore,Williams,1
Jones,Louisiana,1
Scully,The A.V. Club,1
Confederate,Johnson,1
Hungary,Mary,1
James,William,1
Bruce,Commonwealth,1
Houston,New Orleans,1
North Carolina,Washington,1
New Jersey,Ohio,1
Mediterranean,the First World War,1
Earth,mid @-@,1
New York,South Carolina,1
Germany,Wilson,1
Jackson,Kentucky,1
Belgium,Spain,1
Guardian,Harry,1
Clinton,Pennsylvania,1
Allied,London,1
Empire,Greece,1
Constantinople,Michael,1
Jr.,non @-@,1
Japan,Time,1
@-@,Iran,1
Los Angeles,U.S.,1
Grant,Oxford,1
Normandy,Utah,1
New Zealand,Victoria,1
Pacific,U.S.,1
Lewis,The New York Times,1
Brown,Dwight,1
China,Gibraltar,1
Malta,World War II,1
Carter,Nixon,1
Australia,Vancouver,1
MTV,West,1
Dublin,Paris,1
Edward,Normandy,1
Bond,London,1
Britain,Vancouver,1
Egypt,US,1
Australia,Belgium,1
Croatia,Ireland,1
Norfolk,Robert,1
Earl,William,1
Billboard,Hollywood,1
Berlin,Moscow,1
North America,United States,1
Kansas,NFL,1
Boeing,Japan,1
Cambridge,Canada,1
Chicago,Wisconsin,1
Australia,Indonesia,1
South America,United States,1
Charles,House,1
Afghanistan,Brown,1
BBC,Kansas,1
@-@,Kent,1
Israel,Russia,1
@-@,Nintendo,1
Confederate,House,1
Senate,Spain,1
CBS,non @-@,1
Fleming,World War II,1
Phoenix,U.S.,1
Maryland,Smith,1
Jackson,New Orleans,1
California,Hamilton,1
Brown,Leslie,1
Liverpool,Wright,1
Africa,South Africa,1
Anderson,Fox,1
Fox,Lee,1
NHL,Olympics,1
America,Parliament,1
Broadway,M @-@,1
Maryland,the United States,1
Pennsylvania,Scott,1
Atlantic,the Middle East,1
@-@,Senate,1
Canada,Pennsylvania,1
Carter,non @-@,1
New England,United States,1
Bush,Jesus,1
Brazil,Japan,1
Norman,Rome,1
Madagascar,Romania,1
Australia,Scott,1
Florida,Spears,1
Raw,Victoria,1
Hong Kong,London,1
Henry,Scotland,1
Europe,Jordan,1
Malta,Poland,1
Fleming,Love,1
Miami,Switzerland,1
@-@,Detroit,1
West,the Soviet Union,1
Kennedy,Moon,1
Henry,Peter,1
NFL,New York City,1
Boston,William,1
Cleveland,John,1
Missouri,Senate,1
Atlantic,North Carolina,1
George,Syria,1
Duke,Elizabeth,1
Colorado,US,1
Congress,Moore,1
Iraq,RAAF,1
Don,Russia,1
Ireland,Netherlands,1
Chicago,NHL,1
Guardian,Guardian,1
Los Angeles,Miami,1
Johnson,Texas,1
Clark,Dwight,1
New Guinea,the Middle East,1
Indiana,Miami,1
Confederate,US,1
Murray,Virginia,1
Entertainment Weekly,Jack,1
Cleveland,Houston,1
Anderson,U.S.,1
Hawaii,Quebec,1
Bush,South Carolina,1
Moscow,Napoleon,1
Earth,Smith,1
UK,Wales,1
Iowa,Tom,1
California,Miller,1
Lewis,White,1
Austria,anti @-@,1
Charles,the United States,1
Italy,Paris,1
Allies,U @-@,1
Kentucky,Leslie,1
Afghanistan,Cuba,1
Hamilton,McCartney,1
Morris,West,1
McCartney,co @-@,1
Finland,Switzerland,1
Georgia,Maine,1
Baltimore,Robinson,1
Anderson,Liverpool,1
Bart,The A.V. Club,1
Ohio,Oregon,1
ABC,Washington,1
Canterbury,Peter,1
MacArthur,MacArthur,1
Victoria,William,1
Australia,Hungary,1
Ireland,Simpsons,1
the Supreme Court,the United Kingdom,1
Napoleon,Napoleon,1
Tennessee,Thomas,1
Maine,New England,1
Asia,Constantinople,1
Smith,York,1
New York,Oxford,1
Hamilton,Ohio,1
South America,the United States,1
Atlantic,Scotland,1
Jesus,Mediterranean,1
Harrison,Maryland,1
Allied,Romania,1
Charles,Commonwealth,1
Carter,NBC,1
Peter,Richard,1
Broadway,Moore,1
Africa,Brazil,1
Chris,Poland,1
Japan,West,1
Britain,Egypt,1
America,anti @-@,1
Elizabeth,Wright,1
MacArthur,U.S.,1
Cambridge,the United States,1
Georgia,Paul,1
Massachusetts,the Supreme Court,1
@-@,WWE,1
Allies,Berlin,1
Alabama,Gilbert,1
McCartney,non @-@,1
Alabama,Ford,1
America,England,1
@-@,the Second World War,1
Indiana,Kentucky,1
Paris,Washington,1
Cuba,Fox,1
Jesus,Stephen,1
Seattle,Vancouver,1
Bristol,France,1
MacArthur,NHL,1
Europe,Israel,1
Britain,Jones,1
@-@,Oxford,1
Finn,Vancouver,1
Atlantic,Harrison,1
Georgia,Johnson,1
Chicago,Detroit,1
@-@,Court,1
Philadelphia,United States,1
NHL,Quebec,1
North Carolina,the United States,1
England,Frank,1
Baltimore,D.C.,1
Court,Murphy,1
James,Smith,1
Bruce,England,1
Ohio,Taylor,1
Africa,India,1
Japan,Vietnam,1
Kelly,Washington,1
Hollywood,Smith,1
Ford,co @-@,1
New York City,Virginia,1
Kennedy,Raw,1
England,Sydney,1
Atlantic,England,1
David,Murphy,1
Portugal,west @-@,1
Evans,Victoria,1
Boston,John,1
House,London,1
Mary,Sam,1
California,Cooper,1
Liverpool,New South Wales,1
Illinois,west @-@,1
Italy,New York,1
Houston,Kentucky,1
Australia,World War II,1
Commonwealth,England,1
Norway,World Cup,1
Ford,U.S.,1
@-@,Rachel,1
@-@,Clinton,1
Batman,Thomas,1
Carey,Paris,1
Hill,Mexico,1
Britain,Morris,1
Fleming,London,1
Davis,Philadelphia,1
Australia,Chris,1
NFL,Smith,1
Kent,Ohio,1
Anderson,Sydney,1
Hawaii,Indonesia,1
Miami,Tech,1
@-@,Iowa,1
Cambridge,Times,1
@-@,New Jersey,1
Disney,Jackson,1
CBS,Jordan,1
England,New Jersey,1
John,Murray,1
Austria,Netherlands,1
Cambridge,George,1
Manchester United,US,1
Miami,San Francisco,1
Japan,Navy,1
Gaga,Wilson,1
@-@,New Zealand,1
Simpsons,non @-@,1
Billboard,Canada,1
North America,Toronto,1
James,Pennsylvania,1
Oklahoma,Oregon,1
Egypt,New York,1
Hollywood,Mars,1
James,Singapore,1
US,Utah,1
the Royal Navy,the Second World War,1
Johnson,US,1
Hollywood,Time,1
Britain,United States,1
Europe,Singapore,1
Guardian,Richard,1
America,Illinois,1
Entertainment Weekly,Simpsons,1
Europe,Napoleon,1
Moscow,U.S.,1
Minnesota,Thompson,1
Iowa,Stone,1
Gilbert,New England,1
Congress,Hill,1
@-@,Time,1
America,The A.V. Club,1
Arizona,Tennessee,1
Japan,South America,1
France,RAF,1
New York City,non @-@,1
State,non @-@,1
@-@,Russia,1
Poland,north @-@,1
Dylan,Morrison,1
Europe,The New York Times,1
Kennedy,Vietnam,1
Alexander,Wilson,1
Court,Malaysia,1
Allied,Malta,1
Spears,Time,1
France,Singapore,1
Brazil,U.S.,1
Marge,The A.V. Club,1
England,Moon,1
Edinburgh,Norway,1
Australia,Italy,1
San Francisco,Seattle,1
Switzerland,Yugoslavia,1
Jackson,Simpsons,1
Court,Obama,1
Kansas,Michigan,1
Murray,Navy,1
Germany,the Second World War,1
America,Philadelphia,1
Los Angeles,Spain,1
Cyrus,London,1
Beyoncé,New York,1
Connecticut,North Carolina,1
California,NASA,1
Smith,Tech,1
America,Nixon,1
Moore,Thomas,1
Africa,America,1
North America,US,1
Sullivan,U.S.,1
Cuba,Yankees,1
Vietnam,the Soviet Union,1
Alexander,Taylor,1
Great Britain,State,1
Chicago,NFL,1
M @-@,the United States,1
Richard,Shakespeare,1
David,Martin,1
MacArthur,Philippines,1
John,Wilson,1
George,Paris,1
Edwards,Oxford,1
Earth,Poland,1
America,Scotland,1
Anne,France,1
Boeing,Britain,1
Detroit,NHL,1
Guardian,Love,1
RAF,U @-@,1
Europe,Jerusalem,1
Baltimore,England,1
England,Finland,1
Poland,Wales,1
George,Michigan,1
New England,South,1
Court,Singapore,1
Alaska,London,1
John,Senate,1
Australia,MacArthur,1
Allies,Wales,1
Los Angeles,Sydney,1
Ontario,Oregon,1
Japan,Microsoft,1
Jesus,Shakespeare,1
France,John,1
Elizabeth,Walter,1
Alabama,Oklahoma,1
BBC,Michael,1
Connecticut,Maine,1
Hollywood,McCartney,1
Washington,West Virginia,1
Germany,India,1
Norway,the Second World War,1
Frank,Scott,1
The New York Times,Times,1
Britain,David,1
Dean,London,1
Canterbury,New Zealand,1
Moore,New Zealand,1
Liz,Paul,1
Fox,Scott,1
Boston,Italy,1
Europe,South Carolina,1
Army,Montreal,1
Cambridge,Manchester,1
Carter,Jackson,1
US,mid @-@,1
Europe,New Zealand,1
Adams,Oklahoma,1
Baltimore,Virginia,1
China,State,1
China,Germany,1
Australia,Los Angeles,1
Australia,Kent,1
Court,Georgia,1
Arizona,Kansas,1
Gibraltar,New York,1
Earl,Ireland,1
Clark,Pennsylvania,1
California,the Middle East,1
Dylan,UK,1
Beyoncé,Rihanna,1
Connecticut,Mary,1
Malta,Scotland,1
Jackson,US,1
Madonna,Moore,1
NHL,Toronto,1
Iran,State,1
ABC,Florida,1
Constantinople,the Middle East,1
Michael,Romania,1
South,Thomas,1
Chicago,Earth,1
Bart,Tom,1
Moore,Ross,1
New York,Sam,1
California,Montreal,1
Earth,Homer,1
New Orleans,West,1
Africa,California,1
Gordon,Scott,1
Parker,United States,1
Chris,Marge,1
Chicago,Germany,1
Argentina,Israel,1
Jack,Stephen,1
North America,Paris,1
China,Sun,1
Egypt,Mexico,1
Finland,the United Kingdom,1
Berlin,Sweden,1
Fox,Frank,1
Jordan,Washington,1
FBI,Wisconsin,1
Mexico,Norman,1
Virginia,World War I,1
Los Angeles,Miller,1
Simpsons,Vancouver,1
California,Moon,1
Malaysia,South Korea,1
Europe,the First World War,1
South Carolina,the United States,1
U.S.,Virginia,1
Oregon,Seattle,1
Boston,Miami,1
Britain,Canada,1
Cambridge,Norfolk,1
England,Korea,1
Earl,Richard,1
Fox,Ireland,1
India,Singapore,1
Davis,Senate,1
Guardian,India,1
New Jersey,Wisconsin,1
Austria,Serbia,1
Georgia,Hawaii,1
Pennsylvania,West Virginia,1
Napoleon,Russia,1
Cleveland,Ford,1
Allied,RAAF,1
New York,North America,1
Edwards,Illinois,1
Russia,UK,1
Mediterranean,Normandy,1
Atlantic,London,1
Israel,Jerusalem,1
John,New Zealand,1
Clark,Fox,1
Normandy,Richard,1
India,Vietnam,1
Portugal,Russia,1
Kent,Smith,1
Brazil,State,1
Asia,Germany,1
Norway,World War II,1
Napoleon,Washington,1
Columbia,Missouri,1
Bruce,Disney,1
@-@,North Carolina,1
James,Kelly,1
Atlantic,South America,1
Europe,co @-@,1
Cleveland,James,1
Birmingham,Mississippi,1
Bradman,Victoria,1
America,Clinton,1
Iowa,William,1
Hamilton,New York City,1
Boston,the United States,1
Philippines,co @-@,1
Clark,State,1
Cleveland,Harrison,1
Disney,Egypt,1
Tech,Thomas,1
Batman,U.S.,1
Georgia,United States,1
Congress,Utah,1
Arizona,Smith,1
Africa,Philadelphia,1
Homer,Nintendo,1
Atlanta,House,1
Edward,William,1
France,the Royal Navy,1
YouTube,the United Kingdom,1
China,Rome,1
Gaga,Rihanna,1
Mississippi,Tennessee,1
Rihanna,Rihanna,1
Gibraltar,Mediterranean,1
Empire,Empire,1
Mary,Maryland,1
England,Portland,1
England,Netherlands,1
Henry,IGN,1
Indiana,Taylor,1
Court,Napoleon,1
Church,Michael,1
Don,Earth,1
Egypt,Gibraltar,1
Giants,San Francisco,1
NBA,New York,1
Baltimore,MD,1
Europe,Moon,1
Jackson,MLB,1
Entertainment Weekly,Rachel,1
Grant,Scott,1
Harrison,Virginia,1
Edward,Paul,1
Austria,Hitler,1
Liverpool,McCartney,1
Bristol,New York City,1
IGN,Spears,1
Mississippi,Oxford,1
@-@,Lewis,1
Houston,Kelly,1
California,Wisconsin,1
Finland,India,1
Columbia,Europe,1
Miller,South Africa,1
IGN,Simpsons,1
Anderson,Indiana,1
China,Pakistan,1
Lennon,South Africa,1
Croatia,England,1
Bond,Grant,1
Pennsylvania,Peter,1
Fox,Scotland,1
California,England,1
White,the Supreme Court,1
YouTube,co @-@,1
Berlin,Paris,1
Britain,Hungary,1
State,Washington,1
Maine,Minnesota,1
Alexander,Peter,1
Martin,the United Kingdom,1
Chris,Leslie,1
Jack,Spears,1
Madonna,co @-@,1
Elizabeth,Jr.,1
Manchester,the United States,1
Africa,State,1
Scotland,co @-@,1
Wisconsin,World War II,1
Great Britain,Olympics,1
Richmond,Sydney,1
Hawaii,New York,1
Asia,the Middle East,1
New Zealand,Olympic,1
Love,Time,1
Henry,Philadelphia,1
Argentina,Ireland,1
Army,Kentucky,1
Australia,Davis,1
Canterbury,Richard,1
Japan,MLB,1
America,Madonna,1
Broadway,Oklahoma,1
Alabama,Norway,1
Colorado,House,1
China,Egypt,1
@-@,Israel,1
Chicago,Indiana,1
Puerto Rico,United States,1
Los Angeles,Massachusetts,1
California,White,1
Ford,Senate,1
BBC,US,1
France,Olympic,1
Florida,Navy,1
Billboard,Jackson,1
Hungary,John,1
RAF,the First World War,1
NBC,US,1
Ford,Sweden,1
Entertainment Weekly,IGN,1
Edinburgh,England,1
Germany,Turkey,1
Iraq,U.S.,1
Italy,Victoria,1
Victoria,non @-@,1
Indonesia,the United States,1
Army,non @-@,1
John,Maine,1
Mediterranean,south @-@,1
Gordon,Martin,1
D.C.,Obama,1
Cuba,Kennedy,1
John,McCartney,1
Australia,Olympics,1
Norfolk,Stephen,1
Missouri,the Supreme Court,1
Chicago,Mexico,1
Dublin,Morrison,1
Jackson,Kelly,1
Carter,Senate,1
NATO,Turkey,1
Allied,the Second World War,1
Louisiana,New York,1
Ireland,Scott,1
Pakistan,South Africa,1
NFL,Simpsons,1
U.S.,Wright,1
England,Guardian,1
Leslie,non @-@,1
Denmark,Netherlands,1
Army,anti @-@,1
New Orleans,New York,1
Italy,Turkey,1
@-@,Tom,1
Minnesota,Ontario,1
Boston,Robinson,1
Navy,U.S.,1
Congress,Paul,1
Britain,Smith,1
@-@,Davis,1
George,Spain,1
Love,US,1
Iraq,United States,1
Afghanistan,Los Angeles,1
London,Switzerland,1
Australia,Finland,1
Disney,Williams,1
Birmingham,Kennedy,1
World War I,co @-@,1
Scotland,the Soviet Union,1
America,Baltimore,1
Ireland,World War I,1
Malaysia,Netherlands,1
Confederate,Texas,1
Brian,Joe,1
California,Smith,1
Bond,Empire,1
Iraq,NATO,1
Lincoln,Virginia,1
Charles,Earl,1
Portugal,Smith,1
Martin,Quebec,1
UK,UN,1
Olympic,South Africa,1
Brian,CBS,1
Canada,Hawaii,1
Giants,Yankees,1
Norway,U @-@,1
Baltimore,Washington,1
Bruce,UK,1
Spears,Taylor,1
Japan,Mexico,1
North Carolina,Smith,1
Germany,U.S.,1
Korea,US,1
Canada,Massachusetts,1
Manchester,Rachel,1
Edinburgh,the Royal Navy,1
U.S.,World War I,1
Entertainment Weekly,West,1
Hamilton,Scotland,1
Liverpool,north @-@,1
Jordan,Mars,1
Chris,New York,1
New Jersey,Wilson,1
David,Jim,1
UN,Yugoslavia,1
Earl,Massachusetts,1
Austria,Canada,1
Beyoncé,Williams,1
Alexander,Broadway,1
Broadway,Manhattan,1
Lee,Raw,1
Iowa,Jamaica,1
Henry,Richmond,1
Ireland,Moore,1
Hawaii,Simpsons,1
Mexico,Philippines,1
NBC,New York,1
Paul,Raw,1
Earth,Thomas,1
RAAF,the United States,1
Louisiana,Spain,1
Europe,Syria,1
Congress,Lincoln,1
Beyoncé,California,1
Henry,Virginia,1
Florida,co @-@,1
Ontario,U.S.,1
Belgium,World War II,1
Andy,Olympic,1
Germany,North America,1
America,Gilbert,1
Charles,Russia,1
Cooper,Johnson,1
US,the First World War,1
Army,Poland,1
Clinton,Congress,1
Richmond,Sullivan,1
Portugal,UN,1
Egypt,Nelson,1
Smith,the United States,1
Alexander,Edinburgh,1
Italy,Syria,1
Netherlands,South Africa,1
India,the Second World War,1
Denmark,Europe,1
Europe,Paris,1
Homer,NASA,1
John,Lincoln,1
Billboard,United States,1
Jackson,Rolling Stone,1
Australia,Rome,1
Argentina,Australia,1
Great Britain,Netherlands,1
Mediterranean,Nelson,1
Jamaica,Olympic,1
Lewis,YouTube,1
Oxford,Stephen,1
Edward,Harrison,1
Africa,Australia,1
Hamilton,London,1
John,Wales,1
M @-@,Somerset,1
Jim,Mary,1
Hong Kong,Tokyo,1
Norfolk,South,1
@-@,Paul,1
Kentucky,non @-@,1
Maine,New Jersey,1
Anne,Austria,1
Atlanta,White,1
Manchester,Yorkshire,1
Ohio,U.S.,1
Great Britain,Spain,1
Australia,Netherlands,1
Croatia,Murray,1
Murray,Queensland,1
Allied,Allies,1
Shakespeare,Times,1
Indiana,Moscow,1
Shakespeare,Vietnam,1
Navy,the United States,1
Harry,Lennon,1
M @-@,Martin,1
Senate,White,1
Evans,Melbourne,1
D.C.,San Francisco,1
World Cup,co @-@,1
Boeing,UK,1
Jackson,Lewis,1
Denmark,William,1
Miller,Wright,1
MTV,Williams,1
Rihanna,The A.V. Club,1
Ireland,Mary,1
Britain,Denmark,1
Toronto,Washington,1
Parker,US,1
Vietnam,the United States,1
Asia,Carey,1
State,United States,1
Oxford,State,1
Malta,South Africa,1
Court,the Supreme Court,1
Harry,Sam,1
Paul,U.S.,1
Gordon,Johnson,1
Barcelona,Europe,1
Anderson,Switzerland,1
House,Smith,1
Allies,Singapore,1
Cooper,U.S.,1
Canada,Hill,1
France,Greece,1
Maine,U.S.,1
Chicago,Seattle,1
Egypt,England,1
Church,New York City,1
Brian,United States,1
Belgium,Italy,1
New Jersey,World War I,1
China,Earth,1
Allies,NATO,1
Somerset,Thomas,1
Canada,Ireland,1
Fox,New York City,1
Manchester,west @-@,1
Michigan,U.S.,1
China,England,1
Michigan,non @-@,1
Lewis,the United States,1
Court,the United States,1
Boston,Maine,1
Army,New Guinea,1
Adams,Andy,1
Anne,George,1
Jackson,Jones,1
Grant,United States,1
Louisiana,mid @-@,1
Birmingham,Newcastle,1
Ireland,Love,1
San Francisco,Times,1
Robert,William,1
Jr.,Tech,1
Moscow,the United States,1
Allies,Norway,1
New York,west @-@,1
Manhattan,Smith,1
Iraq,World Cup,1
Ireland,James,1
Richmond,Victoria,1
Jamaica,US,1
Montreal,Olympic,1
Georgia,north @-@,1
Australia,Mediterranean,1
Argentina,France,1
Love,non @-@,1
Caribbean,North America,1
Carey,France,1
Florida,Jim,1
Alaska,Russia,1
Serbia,the United States,1
New Jersey,Senate,1
Allied,Napoleon,1
New Guinea,New South Wales,1
Chris,New York City,1
Australia,Disney,1
Manhattan,New Jersey,1
House,Martin,1
Confederate,Navy,1
Phoenix,Spain,1
JNA,Yugoslavia,1
NBA,Scott,1
Belgium,Sweden,1
Berlin,London,1
England,Great Britain,1
Cleveland,Washington,1
Miami,Rihanna,1
@-@,Baltimore,1
Kent,the United Kingdom,1
Parliament,Victoria,1
BC,Egypt,1
England,Washington,1
Massachusetts,Poland,1
Kentucky,Roosevelt,1
Cooper,New England,1
Egypt,Murray,1
Seattle,south @-@,1
Time,mid @-@,1
Hitler,Japan,1
Smith,South Africa,1
Earth,Jesus,1
Taylor,White,1
New Jersey,Texas,1
State,Tech,1
Grant,U.S.,1
China,Joe,1
Oklahoma,US,1
Victoria,Victoria,1
Germany,Portugal,1
Mexico,Puerto Rico,1
Jackson,London,1
Chris,Michael,1
Kennedy,U.S.,1
@-@,Carter,1
Argentina,Los Angeles,1
Army,Pennsylvania,1
Gordon,Philippines,1
Jr.,Philadelphia,1
co @-@,non @-@,1
Europe,Moscow,1
Alice,Mexico,1
Oxford,Times,1
Thomas,Wright,1
France,Serbia,1
Vietnam,Washington,1
Canada,Chicago,1
ABC,Carter,1
New Orleans,US,1
Giants,Massachusetts,1
NATO,non @-@,1
NBC,Rihanna,1
India,Mediterranean,1
Atlantic,Missouri,1
New Zealand,White,1
Madonna,Sydney,1
Britain,the Second World War,1
Alice,Victoria,1
Harry,Paul,1
Jack,New York,1
Norway,south @-@,1
David,John,1
Baltimore,New Jersey,1
Harrison,Navy,1
South Africa,the Second World War,1
Army,Japan,1
Connecticut,Morris,1
Alexander,Oxford,1
Bush,Clinton,1
Asia,Vancouver,1
Brazil,Olympic,1
@-@,Brazil,1
Alexander,Earl,1
David,Mediterranean,1
Hamilton,Illinois,1
Mexico,Ontario,1
Japan,Singapore,1
Norman,Ross,1
Barcelona,Chelsea,1
London,Scotland,1
Boeing,Chicago,1
Congress,Roosevelt,1
Iowa,Senate,1
Japan,non @-@,1
Hill,the Supreme Court,1
Texas,US,1
Ford,Germany,1
Mississippi,Oklahoma,1
Disney,Obama,1
Alaska,Indiana,1
Beyoncé,Ross,1
New York,Quebec,1
Missouri,Paris,1
Constitution,Russia,1
Britain,Taylor,1
Asia,Egypt,1
Spain,Texas,1
Madonna,US,1
Jackson,Leslie,1
Bruce,House,1
@-@,Batman,1
NBC,Oklahoma,1
Alaska,Oregon,1
Minnesota,Mississippi,1
the Royal Navy,the Soviet Union,1
Beyoncé,New Jersey,1
Tech,Texas,1
Don,Rachel,1
Los Angeles,YouTube,1
George,Great Britain,1
New England,Pennsylvania,1
@-@,California,1
the Second World War,the Soviet Union,1
U @-@,World War I,1
Madagascar,New Zealand,1
Malta,the United States,1
Constantinople,Russia,1
Croatia,World War I,1
Florida,Vancouver,1
BBC,the United Kingdom,1
Bush,Kennedy,1
Charles,Sweden,1
Canterbury,Rome,1
Cooper,Pakistan,1
Confederate,Mississippi,1
Don,Paris,1
Florida,Ohio,1
Constitution,Parliament,1
Fox,Iowa,1
Grant,Williams,1
Jones,the United States,1
Ireland,Olympics,1
Bond,US,1
MLB,North America,1
IGN,Leslie,1
Egypt,non @-@,1
Puerto Rico,Washington,1
House,Lee,1
England,Jackson,1
Moore,New York City,1
World War II,the Soviet Union,1
Kansas,Oregon,1
Commonwealth,Pennsylvania,1
Hitler,Spain,1
U.S.,West,1
NATO,World War II,1
US,the Soviet Union,1
Argentina,the United Kingdom,1
Army,State,1
Hollywood,US,1
NHL,the Soviet Union,1
Britain,anti @-@,1
Pakistan,U.S.,1
California,Kennedy,1
Batman,Earth,1
David,Leslie,1
Gordon,Sam,1
China,Olympics,1
Britain,Yorkshire,1
North Carolina,Oklahoma,1
House,the United States,1
Robert,Rome,1
Massachusetts,Pennsylvania,1
Kent,Norway,1
Britain,Martin,1
America,Time,1
Missouri,New Orleans,1
Minnesota,Oregon,1
Florida,Martin,1
Dylan,Los Angeles,1
Hungary,Poland,1
Charles,England,1
Charles,Michigan,1
Ireland,William,1
Canada,Turkey,1
MacArthur,State,1
England,Lee,1
New York City,San Francisco,1
Normandy,Texas,1
House,Parker,1
France,Portland,1
MTV,US,1
Constitution,Vietnam,1
Australia,Texas,1
Massachusetts,New Jersey,1
Syria,the United States,1
Confederate,Davis,1
Indonesia,World War II,1
John,Parliament,1
Scott,Wright,1
Charles,Empire,1
Portugal,Romania,1
Houston,NASA,1
Obama,The New York Times,1
Harrison,Japan,1
Church,Florida,1
Harry,Norman,1
Oxford,UK,1
England,Richard,1
Berlin,Dean,1
IGN,The A.V. Club,1
New Jersey,New York City,1
Church,south @-@,1
Earth,Time,1
@-@,Fleming,1
Edwards,New Zealand,1
California,the Soviet Union,1
Edwards,Melbourne,1
RAF,the United Kingdom,1
James,Walter,1
NBA,Philadelphia,1
India,Kent,1
Bush,non @-@,1
Lisa,Lisa,1
Mars,Sun,1
Bond,West,1
Disney,Florida,1
NATO,Scotland,1
@-@,James,1
Italy,the Second World War,1
Florida,the United Kingdom,1
Los Angeles,Williams,1
Liverpool,London,1
Detroit,Kent,1
Richard,Walter,1
Earth,Taylor,1
Georgia,Louisiana,1
Johnson,Tennessee,1
@-@,Fox,1
Berlin,Rome,1
Brian,Iraq,1
Arizona,Manhattan,1
Jackson,M @-@,1
